label,rate,t_s,conn_ms,rpc_ms,total_ms,keyword,reference,ok
cache-off,50.0,5.0000,1.358,14.482,15.840,she,the-portrait-of-a-lady-volume-1,1
cache-off,50.0,5.0200,1.533,10.002,11.536,she,cranford,1
cache-off,50.0,5.0400,1.225,16.882,18.107,she,the-american,1
cache-off,50.0,5.0600,0.868,8.202,9.070,of,his-last-bow,1
cache-off,50.0,5.0800,1.542,20.185,21.726,london,mansfield-park,1
cache-off,50.0,5.1000,4.349,21.985,26.334,king,the-romance-of-lust-a-classic-victorian-erotic-novel,1
cache-off,50.0,5.1200,5.788,14.836,20.624,was,the-return-of-sherlock-holmes-108,1
cache-off,50.0,5.1400,1.466,8.730,10.196,house,agnes-grey,1
cache-off,50.0,5.1600,1.337,13.058,14.395,she,twenty-thousand-leagues-under-the-sea,1
cache-off,50.0,5.1800,1.249,15.478,16.727,and,pride-and-prejudice,1
cache-off,50.0,5.2000,1.311,15.515,16.826,was,pride-and-prejudice,1
cache-off,50.0,5.2200,1.000,17.228,18.228,was,jude-the-obscure,1
cache-off,50.0,5.2400,1.208,12.887,14.094,she,hard-times,1
cache-off,50.0,5.2600,1.103,10.884,11.987,love,the-scarlet-letter,1
cache-off,50.0,5.2800,1.070,12.672,13.742,whale,the-age-of-innocence,1
cache-off,50.0,5.3000,0.987,9.833,10.820,was,silas-marner,1
cache-off,50.0,5.3200,1.177,10.062,11.239,sea,silas-marner,1
cache-off,50.0,5.3400,1.132,36.534,37.666,she,the-iliad,1
cache-off,50.0,5.3600,17.034,11.070,28.103,sea,kidnapped,1
cache-off,50.0,5.3800,9.174,13.252,22.426,money,the-house-of-the-seven-gables,1
cache-off,50.0,5.4000,4.620,16.806,21.426,you,a-tale-of-two-cities,1
cache-off,50.0,5.4200,1.505,14.488,15.993,heart,madame-bovary,1
cache-off,50.0,5.4400,1.036,9.768,10.805,money,northanger-abbey,1
cache-off,50.0,5.4600,1.096,18.945,20.041,you,the-iliad-2199,1
cache-off,50.0,5.4800,2.377,20.856,23.234,love,emma,1
cache-off,50.0,5.5000,2.746,8.345,11.091,heart,the-mysterious-affair-at-styles,1
cache-off,50.0,5.5200,1.321,18.756,20.077,of,mary-barton,1
cache-off,50.0,5.5400,1.914,9.538,11.452,the,the-adventures-of-tom-sawyer-complete,1
cache-off,50.0,5.5600,1.164,10.332,11.496,you,northanger-abbey,1
cache-off,50.0,5.5800,1.101,12.967,14.068,house,the-works-of-edgar-allan-poe-volume-2,1
cache-off,50.0,5.6000,1.138,16.514,17.652,house,a-tale-of-two-cities,1
cache-off,50.0,5.6200,1.150,7.357,8.507,night,the-jungle-book,1
cache-off,50.0,5.6400,1.125,25.468,26.592,london,little-women,1
cache-off,50.0,5.6600,8.165,18.796,26.961,was,the-song-of-the-lark,1
cache-off,50.0,5.6800,5.954,19.915,25.869,she,life-on-the-mississippi,1
cache-off,50.0,5.7000,6.963,13.189,20.152,of,hard-times,1
cache-off,50.0,5.7200,1.027,9.181,10.208,she,frankenstein-or-the-modern-prometheus-41445,1
cache-off,50.0,5.7400,1.465,15.172,16.638,castle,pride-and-prejudice,1
cache-off,50.0,5.7600,1.404,22.821,24.225,money,villette,1
cache-off,50.0,5.7800,5.051,9.572,14.622,love,silas-marner,1
cache-off,50.0,5.8000,1.304,15.976,17.280,he,leaves-of-grass,1
cache-off,50.0,5.8200,1.474,13.266,14.740,whale,the-return-of-sherlock-holmes,1
cache-off,50.0,5.8400,1.311,10.854,12.165,king,persuasion,1
cache-off,50.0,5.8600,1.425,9.274,10.698,night,the-secret-garden-17396,1
cache-off,50.0,5.8800,1.447,15.747,17.194,london,the-odyssey,1
cache-off,50.0,5.9000,1.134,8.676,9.810,whale,washington-square,1
cache-off,50.0,5.9200,1.118,16.475,17.592,the,pride-and-prejudice,1
cache-off,50.0,5.9400,1.233,19.115,20.348,he,the-jungle,1
cache-off,50.0,5.9600,1.074,10.964,12.038,the,myths-and-legends-of-ancient-greece-and-rome,1
cache-off,50.0,5.9800,1.077,18.642,19.718,night,desperate-remedies,1
cache-off,50.0,6.0000,1.139,15.664,16.803,of,wuthering-heights,1
cache-off,50.0,6.0200,1.127,12.361,13.487,the,the-mystery-of-edwin-drood,1
cache-off,50.0,6.0400,1.058,11.983,13.041,money,the-mystery-of-edwin-drood,1
cache-off,50.0,6.0600,1.093,17.609,18.702,whale,the-last-of-the-mohicans-a-narrative-of-1757,1
cache-off,50.0,6.0800,1.042,16.712,17.754,was,leaves-of-grass,1
cache-off,50.0,6.1000,1.178,10.802,11.980,heart,desert-gold,1
cache-off,50.0,6.1200,1.142,14.031,15.173,money,sense-and-sensibility,1
cache-off,50.0,6.1400,1.260,10.484,11.744,love,myths-and-legends-of-ancient-greece-and-rome,1
cache-off,50.0,6.1600,1.137,7.898,9.035,sea,the-war-of-the-worlds,1
cache-off,50.0,6.1800,1.163,16.918,18.081,night,the-odyssey,1
cache-off,50.0,6.2000,0.996,9.431,10.427,death,dubliners,1
cache-off,50.0,6.2200,1.469,13.854,15.323,horse,adventures-of-huckleberry-finn,1
cache-off,50.0,6.2400,1.069,14.451,15.520,he,the-divine-comedy,1
cache-off,50.0,6.2600,1.167,9.366,10.533,whale,white-fang,1
cache-off,50.0,6.2800,1.264,13.338,14.602,king,the-works-of-edgar-allan-poe-volume-2,1
cache-off,50.0,6.3000,1.109,19.787,20.896,london,mary-barton,1
cache-off,50.0,6.3200,1.077,7.534,8.612,money,herland,1
cache-off,50.0,6.3400,1.512,13.317,14.829,love,the-house-of-the-seven-gables,1
cache-off,50.0,6.3600,1.060,7.518,8.578,heart,herland,1
cache-off,50.0,6.3800,1.158,14.420,15.578,he,the-house-of-the-seven-gables,1
cache-off,50.0,6.4000,1.085,12.921,14.007,love,the-mystery-of-edwin-drood,1
cache-off,50.0,6.4200,1.071,17.095,18.166,sea,leaves-of-grass,1
cache-off,50.0,6.4400,1.257,7.313,8.571,the,the-jungle-book,1
cache-off,50.0,6.4600,1.154,9.641,10.795,night,autobiography-of-benjamin-franklin,1
cache-off,50.0,6.4800,1.120,10.362,11.482,sea,the-secret-adversary,1
cache-off,50.0,6.5000,1.272,22.809,24.081,death,the-romance-of-lust-a-classic-victorian-erotic-novel,1
cache-off,50.0,6.5200,5.158,18.084,23.242,london,tess-of-the-d-urbervilles-a-pure-woman,1
cache-off,50.0,6.5400,4.107,13.440,17.547,you,the-house-of-the-seven-gables,1
cache-off,50.0,6.5600,1.036,19.799,20.835,sea,the-divine-comedy,1
cache-off,50.0,6.5800,5.353,20.221,25.574,king,thus-spake-zarathustra-a-book-for-all-and-none,1
cache-off,50.0,6.6000,6.044,15.457,21.501,night,the-odyssey,1
cache-off,50.0,6.6200,3.073,23.501,26.574,and,great-expectations,1
cache-off,50.0,6.6400,6.658,7.553,14.211,letter,black-beauty,1
cache-off,50.0,6.6600,1.220,8.985,10.205,you,cranford,1
cache-off,50.0,6.6800,1.180,13.210,14.390,of,the-house-of-the-seven-gables,1
cache-off,50.0,6.7000,1.150,10.255,11.405,whale,the-secret-adversary,1
cache-off,50.0,6.7200,1.216,9.159,10.374,he,meditations,1
cache-off,50.0,6.7400,1.342,8.926,10.269,horse,treasure-island,1
cache-off,50.0,6.7600,1.190,8.693,9.883,the,washington-square,1
cache-off,50.0,6.7800,1.231,10.533,11.763,you,kidnapped,1
cache-off,50.0,6.8000,1.295,9.605,10.900,and,silas-marner,1
cache-off,50.0,6.8200,1.474,23.275,24.748,horse,the-iliad,1
cache-off,50.0,6.8400,5.585,16.588,22.173,and,the-house-of-mirth,1
cache-off,50.0,6.8600,3.028,10.374,13.402,you,memoirs-of-fanny-hill,1
cache-off,50.0,6.8800,1.480,13.814,15.294,castle,the-return-of-sherlock-holmes-108,1
cache-off,50.0,6.9000,1.359,7.054,8.413,whale,herland,1
cache-off,50.0,6.9200,1.397,7.885,9.282,you,black-beauty,1
cache-off,50.0,6.9400,1.524,7.179,8.703,letter,herland,1
cache-off,50.0,6.9600,1.342,8.008,9.350,was,his-last-bow,1
cache-off,50.0,6.9800,2.280,13.432,15.712,night,the-first-men-in-the-moon,1
cache-off,50.0,7.0000,1.516,16.667,18.183,death,the-house-of-mirth,1
cache-off,50.0,7.0200,1.400,18.936,20.336,she,emma,1
cache-off,50.0,7.0400,2.425,8.119,10.544,of,the-lost-world,1
cache-off,50.0,7.0600,1.260,16.827,18.087,the,far-from-the-madding-crowd,1
cache-off,50.0,7.0800,1.571,9.363,10.934,death,the-adventures-of-tom-sawyer-complete,1
cache-off,50.0,7.1000,1.186,14.649,15.834,horse,wuthering-heights,1
cache-off,50.0,7.1200,1.301,7.319,8.620,horse,poirot-investigates,1
cache-off,50.0,7.1400,1.494,13.888,15.382,the,the-return-of-sherlock-holmes,1
cache-off,50.0,7.1600,1.212,6.365,7.577,king,beyond-good-and-evil,1
cache-off,50.0,7.1800,1.311,14.780,16.092,london,the-return-of-sherlock-holmes-108,1
cache-off,50.0,7.2000,1.097,18.088,19.186,he,tess-of-the-d-urbervilles-a-pure-woman,1
cache-off,50.0,7.2200,1.193,7.930,9.123,whale,the-mysterious-affair-at-styles,1
cache-off,50.0,7.2400,1.525,9.586,11.112,castle,silas-marner,1
cache-off,50.0,7.2600,1.354,8.092,9.446,death,the-lost-world,1
cache-off,50.0,7.2800,1.290,14.973,16.264,heart,sense-and-sensibility,1
cache-off,50.0,7.3000,1.097,14.435,15.533,was,the-divine-comedy,1
cache-off,50.0,7.3200,1.256,23.909,25.165,london,villette,1
cache-off,50.0,7.3400,6.919,13.360,20.279,horse,the-return-of-sherlock-holmes,1
cache-off,50.0,7.3600,1.716,10.302,12.018,horse,the-scarlet-letter-33,1
cache-off,50.0,7.3800,1.237,12.474,13.711,whale,twenty-thousand-leagues-under-the-sea,1
cache-off,50.0,7.4000,1.186,8.539,9.725,letter,washington-square,1
cache-off,50.0,7.4200,1.369,8.154,9.524,money,poirot-investigates,1
cache-off,50.0,7.4400,1.436,15.635,17.071,king,the-portrait-of-a-lady-volume-1,1
cache-off,50.0,7.4600,1.404,16.653,18.057,love,pride-and-prejudice,1
cache-off,50.0,7.4800,1.224,7.315,8.540,the,the-prince,1
cache-off,50.0,7.5000,1.506,10.332,11.838,house,the-picture-of-dorian-gray,1
cache-off,50.0,7.5200,1.464,8.213,9.677,he,black-beauty,1
cache-off,50.0,7.5400,1.562,8.048,9.609,house,black-beauty,1
cache-off,50.0,7.5600,1.200,9.518,10.718,of,a-princess-of-mars,1
cache-off,50.0,7.5800,1.275,13.483,14.758,he,grimms-fairy-tales,1
cache-off,50.0,7.6000,1.258,10.124,11.382,death,the-picture-of-dorian-gray,1
cache-off,50.0,7.6200,1.329,11.593,12.922,sea,the-scarlet-letter,1
cache-off,50.0,7.6400,1.286,10.672,11.958,castle,myths-and-legends-of-ancient-greece-and-rome,1
cache-off,50.0,7.6600,1.520,20.377,21.897,night,the-tenant-of-wildfell-hall,1
cache-off,50.0,7.6800,3.203,9.179,12.382,king,cranford,1
cache-off,50.0,7.7000,1.251,8.102,9.353,was,washington-square,1
cache-off,50.0,7.7200,1.462,9.649,11.111,love,autobiography-of-benjamin-franklin,1
cache-off,50.0,7.7400,1.507,17.269,18.776,of,desperate-remedies,1
cache-off,50.0,7.7600,1.209,20.811,22.020,whale,great-expectations,1
cache-off,50.0,7.7800,2.854,6.084,8.938,sea,the-kama-sutra-of-vatsyayana,1
cache-off,50.0,7.8000,1.226,9.049,10.275,house,white-fang,1
cache-off,50.0,7.8200,1.176,12.942,14.118,you,anne-of-green-gables,1
cache-off,50.0,7.8400,1.521,19.384,20.906,love,mansfield-park,1
cache-off,50.0,7.8600,1.815,6.749,8.564,love,herland,1
cache-off,50.0,7.8800,1.377,11.012,12.389,the,memoirs-of-fanny-hill,1
cache-off,50.0,7.9000,1.165,13.288,14.452,you,the-last-of-the-mohicans-a-narrative-of-1757-27681,1
cache-off,50.0,7.9200,1.361,6.537,7.898,king,the-great-gatsby,1
cache-off,50.0,7.9400,1.114,18.083,19.196,horse,the-song-of-the-lark,1
cache-off,50.0,7.9600,1.028,6.956,7.984,night,herland,1
cache-off,50.0,7.9800,1.047,15.821,16.868,castle,pride-and-prejudice,1
cache-off,50.0,8.0000,1.326,6.817,8.143,she,the-prince,1
cache-off,50.0,8.0200,1.355,21.778,23.133,the,north-and-south,1
cache-off,50.0,8.0400,1.594,23.100,24.694,was,grimms-fairy-tales,1
cache-off,50.0,8.0600,5.407,16.128,21.536,he,cranford,1
cache-off,50.0,8.0800,7.971,15.758,23.729,horse,the-house-of-mirth,1
cache-off,50.0,8.1000,4.028,23.349,27.377,you,the-mysterious-island,1
cache-off,50.0,8.1200,7.414,17.906,25.320,london,the-jungle,1
cache-off,50.0,8.1400,6.416,7.181,13.597,death,the-great-gatsby,1
cache-off,50.0,8.1600,1.256,8.946,10.202,london,a-princess-of-mars,1
cache-off,50.0,8.1800,1.178,7.076,8.255,of,the-prince,1
cache-off,50.0,8.2000,1.146,13.390,14.537,you,twenty-thousand-leagues-under-the-sea,1
cache-off,50.0,8.2200,1.268,21.429,22.697,night,the-romance-of-lust-a-classic-victorian-erotic-novel,1
cache-off,50.0,8.2400,4.588,11.391,15.979,he,myths-and-legends-of-ancient-greece-and-rome,1
cache-off,50.0,8.2600,1.684,19.362,21.046,she,tess-of-the-d-urbervilles-a-pure-woman,1
cache-off,50.0,8.2800,2.007,10.527,12.535,sea,the-scarlet-letter-33,1
cache-off,50.0,8.3000,1.349,8.756,10.105,and,washington-square,1
cache-off,50.0,8.3200,1.239,9.326,10.565,horse,dubliners,1
cache-off,50.0,8.3400,1.585,7.431,9.016,house,the-prince,1
cache-off,50.0,8.3600,1.169,6.780,7.949,whale,beyond-good-and-evil,1
cache-off,50.0,8.3800,1.183,13.268,14.450,death,grimms-fairy-tales,1
cache-off,50.0,8.4000,1.049,14.076,15.125,house,adventures-of-huckleberry-finn,1
cache-off,50.0,8.4200,1.247,12.091,13.338,castle,the-mystery-of-edwin-drood,1
cache-off,50.0,8.4400,1.461,8.170,9.632,castle,around-the-world-in-eighty-days,1
cache-off,50.0,8.4600,1.411,9.602,11.013,horse,dubliners,1
cache-off,50.0,8.4800,1.435,8.542,9.977,money,around-the-world-in-eighty-days,1
cache-off,50.0,8.5000,1.257,13.454,14.711,love,twenty-thousand-leagues-under-the-sea,1
cache-off,50.0,8.5200,1.205,14.287,15.491,heart,thus-spake-zarathustra-a-book-for-all-and-none,1
cache-off,50.0,8.5400,1.357,11.649,13.006,letter,the-mystery-of-edwin-drood,1
cache-off,50.0,8.5600,1.079,7.720,8.799,love,the-wind-in-the-willows,1
cache-off,50.0,8.5800,1.479,11.552,13.031,he,the-scarlet-letter,1
cache-off,50.0,8.6000,1.166,19.817,20.983,and,mary-barton,1
cache-off,50.0,8.6200,1.351,18.209,19.561,money,the-song-of-the-lark,1
cache-off,50.0,8.6400,1.607,10.126,11.733,the,the-secret-adversary,1
cache-off,50.0,8.6600,1.242,16.881,18.123,and,the-odyssey,1
cache-off,50.0,8.6800,1.605,12.388,13.992,of,the-mystery-of-edwin-drood,1
cache-off,50.0,8.7000,1.359,21.370,22.729,was,the-adventures-of-sherlock-holmes,1
cache-off,50.0,8.7200,1.167,7.615,8.782,was,poirot-investigates,1
cache-off,50.0,8.7400,1.752,17.358,19.111,castle,the-last-of-the-mohicans-a-narrative-of-1757,1
cache-off,50.0,8.7600,0.966,8.810,9.776,death,a-princess-of-mars,1
cache-off,50.0,8.7800,1.238,10.261,11.499,he,myths-and-legends-of-ancient-greece-and-rome,1
cache-off,50.0,8.8000,1.333,9.392,10.725,she,the-adventures-of-tom-sawyer-complete,1
cache-off,50.0,8.8200,1.234,8.307,9.541,letter,the-hound-of-the-baskervilles,1
cache-off,50.0,8.8400,1.506,11.678,13.184,you,the-scarlet-letter,1
cache-off,50.0,8.8600,1.173,17.552,18.725,king,life-on-the-mississippi,1
cache-off,50.0,8.8800,1.099,10.296,11.395,love,myths-and-legends-of-ancient-greece-and-rome,1
cache-off,50.0,8.9000,1.831,13.441,15.272,horse,hard-times,1
cache-off,50.0,8.9200,2.185,16.126,18.312,she,hard-times,1
cache-off,50.0,8.9400,1.635,7.011,8.646,house,the-great-gatsby,1
cache-off,50.0,8.9600,1.329,9.874,11.204,you,treasure-island,1
cache-off,50.0,8.9800,1.220,14.284,15.504,you,walden-and-on-the-duty-of-civil-disobedience,1
cache-off,50.0,9.0000,1.106,19.043,20.149,of,mary-barton,1
cache-off,50.0,9.0200,1.127,13.632,14.759,she,walden-and-on-the-duty-of-civil-disobedience,1
cache-off,50.0,9.0400,1.568,10.197,11.764,he,the-scarlet-letter-33,1
cache-off,50.0,9.0600,1.276,6.501,7.778,horse,the-prince,1
cache-off,50.0,9.0800,1.489,19.363,20.852,whale,mary-barton,1
cache-off,50.0,9.1000,1.190,9.920,11.110,king,myths-and-legends-of-ancient-greece-and-rome,1
cache-off,50.0,9.1200,1.340,13.425,14.765,letter,walden-and-on-the-duty-of-civil-disobedience,1
cache-off,50.0,9.1400,1.284,7.840,9.125,whale,the-hound-of-the-baskervilles,1
cache-off,50.0,9.1600,1.243,8.995,10.239,money,the-king-in-yellow,1
cache-off,50.0,9.1800,1.180,16.997,18.177,castle,far-from-the-madding-crowd,1
cache-off,50.0,9.2000,1.201,10.270,11.471,love,a-journey-to-the-centre-of-the-earth,1
cache-off,50.0,9.2200,1.546,13.376,14.922,of,the-return-of-sherlock-holmes,1
cache-off,50.0,9.2400,1.299,22.116,23.415,death,the-vicomte-de-bragelonne,1
cache-off,50.0,9.2600,4.263,16.466,20.729,death,leaves-of-grass,1
cache-off,50.0,9.2800,0.992,13.122,14.114,letter,the-return-of-sherlock-holmes,1
cache-off,50.0,9.3000,1.511,18.090,19.601,of,desperate-remedies,1
cache-off,50.0,9.3200,1.603,15.734,17.337,you,the-house-of-mirth,1
cache-off,50.0,9.3400,1.531,10.666,12.197,the,the-scarlet-letter,1
cache-off,50.0,9.3600,1.159,18.022,19.181,night,mansfield-park,1
cache-off,50.0,9.3800,1.330,29.079,30.410,and,the-age-of-innocence,1
cache-off,50.0,9.4000,10.529,14.947,25.476,house,the-return-of-sherlock-holmes-108,1
cache-off,50.0,9.4200,6.221,15.333,21.554,horse,the-odyssey,1
cache-off,50.0,9.4400,3.056,19.714,22.770,london,dracula,1
cache-off,50.0,9.4600,3.440,10.408,13.849,was,a-journey-to-the-centre-of-the-earth,1
cache-off,50.0,9.4800,1.229,13.560,14.790,london,walden-and-on-the-duty-of-civil-disobedience,1
cache-off,50.0,9.5000,1.056,15.491,16.547,of,the-house-of-mirth,1
cache-off,50.0,9.5200,1.215,9.470,10.685,you,white-fang,1
cache-off,50.0,9.5400,0.994,8.751,9.746,of,meditations,1
cache-off,50.0,9.5600,1.265,18.681,19.945,king,the-iliad-2199,1
cache-off,50.0,9.5800,1.290,15.871,17.161,king,a-tale-of-two-cities,1
cache-off,50.0,9.6000,1.619,9.935,11.555,london,a-journey-to-the-centre-of-the-earth,1
cache-off,50.0,9.6200,1.199,13.266,14.465,castle,walden-and-on-the-duty-of-civil-disobedience,1
cache-off,50.0,9.6400,2.061,9.699,11.760,house,the-picture-of-dorian-gray,1
cache-off,50.0,9.6600,1.172,15.287,16.459,and,the-house-of-mirth,1
cache-off,50.0,9.6800,1.154,11.874,13.028,death,the-memoirs-of-sherlock-holmes,1
cache-off,50.0,9.7000,1.137,16.903,18.041,death,jude-the-obscure,1
cache-off,50.0,9.7200,1.005,22.326,23.331,he,the-iliad,1
cache-off,50.0,9.7400,3.745,18.190,21.935,death,the-iliad-2199,1
cache-off,50.0,9.7600,2.419,7.396,9.815,and,the-lost-world,1
cache-off,50.0,9.7800,1.311,15.843,17.154,whale,the-american,1
cache-off,50.0,9.8000,1.149,19.594,20.743,she,the-adventures-of-ferdinand-count-fathom-complete,1
cache-off,50.0,9.8200,1.175,12.644,13.819,house,the-adventures-of-sherlock-holmes,1
cache-off,50.0,9.8400,1.234,7.361,8.595,castle,his-last-bow,1
cache-off,50.0,9.8600,1.196,8.750,9.946,you,agnes-grey,1
cache-off,50.0,9.8800,1.046,6.336,7.382,death,the-hound-of-the-baskervilles-3070,1
cache-off,50.0,9.9000,1.399,13.249,14.648,love,twenty-thousand-leagues-under-the-sea,1
cache-off,50.0,9.9200,1.159,13.311,14.470,castle,twenty-thousand-leagues-under-the-sea,1
cache-off,50.0,9.9400,1.480,9.330,10.810,of,meditations,1
cache-off,50.0,9.9600,1.496,31.948,33.445,heart,north-and-south,1
cache-off,50.0,9.9800,14.857,11.290,26.148,castle,myths-and-legends-of-ancient-greece-and-rome,1
cache-off,50.0,10.0000,5.702,7.597,13.299,she,the-lost-world,1
cache-off,50.0,10.0200,1.369,21.369,22.738,of,great-expectations,1
cache-off,50.0,10.0400,2.636,8.549,11.184,london,cranford,1
cache-off,50.0,10.0600,1.274,8.605,9.879,the,treasure-island,1
cache-off,50.0,10.0800,1.371,22.635,24.006,london,villette,1
cache-off,50.0,10.1000,6.212,9.605,15.816,you,agnes-grey,1
cache-off,50.0,10.1200,1.470,23.407,24.877,the,jane-eyre-an-autobiography,1
cache-off,50.0,10.1400,7.031,16.286,23.316,king,the-house-of-mirth,1
cache-off,50.0,10.1600,2.127,15.981,18.108,sea,the-odyssey,1
cache-off,50.0,10.1800,1.020,18.082,19.102,the,life-on-the-mississippi,1
cache-off,50.0,10.2000,0.988,23.725,24.713,and,the-vicomte-de-bragelonne,1
cache-off,50.0,10.2200,4.054,19.252,23.306,night,the-adventures-of-ferdinand-count-fathom-complete,1
cache-off,50.0,10.2400,4.130,10.356,14.487,of,memoirs-of-fanny-hill,1
cache-off,50.0,10.2600,1.259,13.183,14.442,london,the-works-of-edgar-allan-poe-volume-2,1
cache-off,50.0,10.2800,1.060,10.201,11.261,castle,desert-gold,1
cache-off,50.0,10.3000,1.331,16.630,17.961,london,far-from-the-madding-crowd,1
cache-off,50.0,10.3200,1.125,10.234,11.360,the,the-scarlet-letter-33,1
cache-off,50.0,10.3400,1.234,9.679,10.913,was,the-secret-garden-17396,1
cache-off,50.0,10.3600,1.309,7.639,8.948,he,the-wind-in-the-willows,1
cache-off,50.0,10.3800,1.210,9.469,10.679,london,autobiography-of-benjamin-franklin,1
cache-off,50.0,10.4000,1.165,10.364,11.529,king,a-journey-to-the-centre-of-the-earth,1
cache-off,50.0,10.4200,1.158,7.313,8.471,night,the-jungle-book,1
cache-off,50.0,10.4400,1.163,15.531,16.694,was,madame-bovary,1
cache-off,50.0,10.4600,1.765,11.202,12.967,of,myths-and-legends-of-ancient-greece-and-rome,1
cache-off,50.0,10.4800,1.287,7.572,8.859,heart,herland,1
cache-off,50.0,10.5000,1.297,16.588,17.885,was,pride-and-prejudice,1
cache-off,50.0,10.5200,1.035,13.575,14.610,sea,twenty-thousand-leagues-under-the-sea,1
cache-off,50.0,10.5400,1.225,13.337,14.562,he,twenty-thousand-leagues-under-the-sea,1
cache-off,50.0,10.5600,1.249,22.926,24.175,was,jane-eyre-an-autobiography,1
cache-off,50.0,10.5800,6.067,7.525,13.591,letter,herland,1
cache-off,50.0,10.6000,2.824,29.472,32.297,horse,little-women,1
cache-off,50.0,10.6200,12.615,8.086,20.701,of,black-beauty,1
cache-off,50.0,10.6400,0.944,12.519,13.463,night,the-works-of-edgar-allan-poe-volume-2,1
cache-off,50.0,10.6600,1.053,18.689,19.743,castle,the-last-of-the-mohicans-a-narrative-of-1757,1
cache-off,50.0,10.6800,1.029,15.600,16.629,whale,the-portrait-of-a-lady-volume-1,1
cache-off,50.0,10.7000,1.091,10.496,11.588,house,the-picture-of-dorian-gray,1
cache-off,50.0,10.7200,1.052,13.958,15.011,london,the-divine-comedy,1
cache-off,50.0,10.7400,1.080,23.209,24.289,whale,the-vicomte-de-bragelonne,1
cache-off,50.0,10.7600,5.461,9.316,14.776,death,cranford,1
cache-off,50.0,10.7800,1.233,6.727,7.960,castle,the-jungle-book,1
cache-off,50.0,10.8000,1.345,14.402,15.748,london,the-portrait-of-a-lady-volume-1,1
cache-off,50.0,10.8200,1.172,8.234,9.406,you,a-princess-of-mars,1
cache-off,50.0,10.8400,1.437,17.147,18.585,death,jude-the-obscure,1
cache-off,50.0,10.8600,1.293,9.015,10.308,she,frankenstein-or-the-modern-prometheus,1
cache-off,50.0,10.8800,1.313,12.986,14.299,money,the-house-of-the-seven-gables,1
cache-off,50.0,10.9000,1.151,6.444,7.595,heart,the-prince,1
cache-off,50.0,10.9200,1.338,9.679,11.016,you,silas-marner,1
cache-off,50.0,10.9400,1.281,9.221,10.502,of,agnes-grey,1
cache-off,50.0,10.9600,1.172,22.437,23.609,he,jane-eyre-an-autobiography,1
cache-off,50.0,10.9800,3.371,10.319,13.690,sea,memoirs-of-fanny-hill,1
cache-off,50.0,11.0000,1.267,16.256,17.523,you,the-american,1
cache-off,50.0,11.0200,1.259,10.308,11.567,the,the-scarlet-letter-33,1
cache-off,50.0,11.0400,1.259,5.969,7.228,the,the-hound-of-the-baskervilles-3070,1
cache-off,50.0,11.0600,1.276,12.111,13.388,the,grimms-fairy-tales,1
cache-off,50.0,11.0800,1.251,8.684,9.935,london,cranford,1
cache-off,50.0,11.1000,1.287,23.328,24.614,castle,villette,1
cache-off,50.0,11.1200,5.329,8.580,13.910,you,agnes-grey,1
cache-off,50.0,11.1400,1.257,22.325,23.582,money,the-vicomte-de-bragelonne,1
cache-off,50.0,11.1600,6.242,11.880,18.122,king,grimms-fairy-tales,1
cache-off,50.0,11.1800,1.443,5.755,7.198,you,the-hound-of-the-baskervilles-3070,1
cache-off,50.0,11.2000,1.283,11.820,13.104,heart,grimms-fairy-tales,1
cache-off,50.0,11.2200,1.232,9.977,11.209,night,a-journey-to-the-centre-of-the-earth,1
cache-off,50.0,11.2400,1.182,7.345,8.527,you,poirot-investigates,1
cache-off,50.0,11.2600,3.872,20.236,24.108,night,emma,1
cache-off,50.0,11.2800,3.374,16.639,20.013,and,leaves-of-grass,1
cache-off,50.0,11.3000,1.186,14.897,16.083,and,madame-bovary,1
cache-off,50.0,11.3200,1.188,8.228,9.416,castle,the-mysterious-affair-at-styles,1
cache-off,50.0,11.3400,1.332,13.282,14.613,you,the-age-of-innocence,1
cache-off,50.0,11.3600,1.102,20.855,21.957,whale,the-tenant-of-wildfell-hall,1
cache-off,50.0,11.3800,2.780,15.360,18.141,king,madame-bovary,1
cache-off,50.0,11.4000,1.202,21.193,22.396,whale,the-tenant-of-wildfell-hall,1
cache-off,50.0,11.4200,1.741,18.686,20.426,heart,mary-barton,1
cache-off,50.0,11.4400,3.054,15.908,18.962,of,leaves-of-grass,1
cache-off,50.0,11.4600,1.065,10.432,11.498,she,desert-gold,1
cache-off,50.0,11.4800,1.221,10.819,12.040,he,persuasion,1
cache-off,50.0,11.5000,1.023,8.644,9.666,london,around-the-world-in-eighty-days,1
cache-off,50.0,11.5200,1.499,18.603,20.102,king,the-last-of-the-mohicans-a-narrative-of-1757,1
cache-off,50.0,11.5400,1.452,8.798,10.250,letter,treasure-island,1
cache-off,50.0,11.5600,1.330,22.291,23.621,castle,jane-eyre-an-autobiography,1
cache-off,50.0,11.5800,3.167,9.865,13.032,death,cranford,1
cache-off,50.0,11.6000,1.032,6.958,7.990,horse,the-prince,1
cache-off,50.0,11.6200,1.148,7.115,8.263,money,beyond-good-and-evil,1
cache-off,50.0,11.6400,1.057,23.684,24.741,heart,the-innocents-abroad,1
cache-off,50.0,11.6600,5.685,6.194,11.879,sea,the-hound-of-the-baskervilles-3070,1
cache-off,50.0,11.6800,1.394,15.831,17.225,house,leaves-of-grass,1
cache-off,50.0,11.7000,1.386,27.830,29.216,she,little-women,1
cache-off,50.0,11.7200,10.131,15.191,25.322,was,the-portrait-of-a-lady-volume-1,1
cache-off,50.0,11.7400,6.498,6.849,13.347,death,beyond-good-and-evil,1
cache-off,50.0,11.7600,2.223,33.289,35.512,he,jane-eyre-an-autobiography,1
cache-off,50.0,11.7800,14.053,18.622,32.675,you,life-on-the-mississippi,1
cache-off,50.0,11.8000,15.121,9.039,24.160,he,around-the-world-in-eighty-days,1
cache-off,50.0,11.8200,3.554,13.641,17.196,she,adventures-of-huckleberry-finn,1
cache-off,50.0,11.8400,1.040,9.385,10.425,house,northanger-abbey,1
cache-off,50.0,11.8600,1.169,13.939,15.109,and,the-last-of-the-mohicans-a-narrative-of-1757-27681,1
cache-off,50.0,11.8800,1.015,22.299,23.314,london,the-romance-of-lust-a-classic-victorian-erotic-novel,1
cache-off,50.0,11.9000,2.011,14.936,16.947,she,the-portrait-of-a-lady-volume-1,1
cache-off,50.0,11.9200,1.246,10.624,11.870,and,the-secret-garden,1
cache-off,50.0,11.9400,1.300,15.757,17.057,letter,pride-and-prejudice,1
cache-off,50.0,11.9600,1.093,16.859,17.953,heart,far-from-the-madding-crowd,1
cache-off,50.0,11.9800,1.165,19.043,20.207,and,the-song-of-the-lark,1
cache-off,50.0,12.0000,1.246,11.071,12.316,sea,memoirs-of-fanny-hill,1
cache-off,50.0,12.0200,1.230,6.945,8.176,death,the-prince,1
cache-off,50.0,12.0400,1.291,17.283,18.574,sea,far-from-the-madding-crowd,1
cache-off,50.0,12.0600,1.075,12.773,13.848,you,twenty-thousand-leagues-under-the-sea,1
cache-off,50.0,12.0800,1.058,17.338,18.395,whale,jude-the-obscure,1
cache-off,50.0,12.1000,0.899,17.424,18.323,he,the-last-of-the-mohicans-a-narrative-of-1757,1
cache-off,50.0,12.1200,1.352,14.018,15.371,house,wuthering-heights,1
cache-off,50.0,12.1400,1.646,21.822,23.467,whale,the-romance-of-lust-a-classic-victorian-erotic-novel,1
cache-off,50.0,12.1600,4.302,15.501,19.804,you,leaves-of-grass,1
cache-off,50.0,12.1800,1.202,9.606,10.808,the,the-secret-garden-17396,1
cache-off,50.0,12.2000,1.482,7.751,9.233,you,the-mysterious-affair-at-styles,1
cache-off,50.0,12.2200,1.300,10.268,11.568,was,the-secret-adversary,1
cache-off,50.0,12.2400,1.359,9.699,11.058,you,the-adventures-of-tom-sawyer-complete,1
cache-off,50.0,12.2600,1.211,7.346,8.557,london,herland,1
cache-off,50.0,12.2800,1.215,9.380,10.595,horse,meditations,1
cache-off,50.0,12.3000,1.417,19.029,20.447,death,the-song-of-the-lark,1
cache-off,50.0,12.3200,1.825,16.877,18.702,castle,life-on-the-mississippi,1
cache-off,50.0,12.3400,1.588,19.603,21.191,castle,the-tenant-of-wildfell-hall,1
cache-off,50.0,12.3600,1.280,21.420,22.700,you,great-expectations,1
cache-off,50.0,12.3800,4.186,16.294,20.480,she,a-tale-of-two-cities,1
cache-off,50.0,12.4000,1.373,9.634,11.007,you,the-secret-garden-17396,1
cache-off,50.0,12.4200,1.465,12.511,13.976,of,anne-of-green-gables,1
cache-off,50.0,12.4400,1.185,18.365,19.550,death,dracula,1
cache-off,50.0,12.4600,1.124,8.642,9.766,king,the-first-men-in-the-moon,1
cache-off,50.0,12.4800,1.348,17.690,19.038,death,the-song-of-the-lark,1
cache-off,50.0,12.5000,0.973,6.661,7.634,london,the-great-gatsby,1
cache-off,50.0,12.5200,1.328,21.402,22.730,king,great-expectations,1
cache-off,50.0,12.5400,4.257,8.006,12.264,and,the-war-of-the-worlds,1
cache-off,50.0,12.5600,1.236,9.847,11.084,she,a-journey-to-the-centre-of-the-earth,1
cache-off,50.0,12.5800,1.221,15.979,17.200,he,the-american,1
cache-off,50.0,12.6000,0.958,7.220,8.178,the,poirot-investigates,1
cache-off,50.0,12.6200,1.195,6.136,7.332,london,the-hound-of-the-baskervilles-3070,1
cache-off,50.0,12.6400,1.271,14.848,16.119,he,wuthering-heights,1
cache-off,50.0,12.6600,1.136,13.006,14.141,night,hard-times,1
cache-off,50.0,12.6800,1.293,9.132,10.425,and,the-adventures-of-tom-sawyer-complete,1
cache-off,50.0,12.7000,1.578,10.092,11.670,she,the-adventures-of-tom-sawyer-complete,1
cache-off,50.0,12.7200,1.569,16.536,18.105,death,leaves-of-grass,1
cache-off,50.0,12.7400,1.331,6.714,8.045,horse,the-prince,1
cache-off,50.0,12.7600,1.279,18.441,19.719,and,tess-of-the-d-urbervilles-a-pure-woman,1
cache-off,50.0,12.7800,1.092,8.945,10.037,money,treasure-island,1
cache-off,50.0,12.8000,1.247,6.901,8.149,and,the-great-gatsby,1
cache-off,50.0,12.8200,2.820,17.385,20.205,the,silas-marner,1
cache-off,50.0,12.8400,3.781,10.445,14.226,sea,a-journey-to-the-centre-of-the-earth,1
cache-off,50.0,12.8600,1.304,22.822,24.125,the,great-expectations,1
cache-off,50.0,12.8800,3.387,24.015,27.403,she,villette,1
cache-off,50.0,12.9000,9.338,21.502,30.840,letter,north-and-south,1
cache-off,50.0,12.9200,9.706,12.842,22.548,london,hard-times,1
cache-off,50.0,12.9400,4.726,10.050,14.776,house,memoirs-of-fanny-hill,1
cache-off,50.0,12.9600,1.318,7.519,8.837,love,black-beauty,1
cache-off,50.0,12.9800,16.254,36.963,53.217,heart,the-innocents-abroad,1
cache-off,50.0,13.0000,34.055,17.244,51.299,horse,the-last-of-the-mohicans-a-narrative-of-1757-27681,1
cache-off,50.0,13.0200,13.666,36.368,50.034,horse,the-iliad-2199,1
cache-off,50.0,13.0400,12.021,28.685,40.707,was,dubliners,1
cache-off,50.0,13.0600,11.522,21.064,32.585,of,anne-of-green-gables,1
cache-off,50.0,13.0800,11.673,17.939,29.612,love,jude-the-obscure,1
cache-off,50.0,13.1000,10.947,13.528,24.474,letter,thus-spake-zarathustra-a-book-for-all-and-none,1
cache-off,50.0,13.1200,3.855,15.521,19.376,london,leaves-of-grass,1
cache-off,50.0,13.1400,1.168,22.510,23.678,you,the-mysterious-island,1
cache-off,50.0,13.1600,5.678,13.132,18.810,and,the-house-of-the-seven-gables,1
cache-off,50.0,13.1800,1.109,15.149,16.258,love,pride-and-prejudice,1
cache-off,50.0,13.2000,1.538,9.194,10.732,whale,silas-marner,1
cache-off,50.0,13.2200,1.218,6.775,7.994,sea,the-jungle-book,1
cache-off,50.0,13.2400,1.256,8.105,9.362,was,the-hound-of-the-baskervilles,1
cache-off,50.0,13.2600,1.237,7.415,8.652,was,the-lost-world,1
cache-off,50.0,13.2800,1.144,8.733,9.877,letter,the-warden,1
cache-off,50.0,13.3000,1.039,13.275,14.314,was,anne-of-green-gables,1
cache-off,50.0,13.3200,1.148,8.888,10.037,of,the-warden,1
cache-off,50.0,13.3400,1.438,10.456,11.895,london,the-secret-adversary,1
cache-off,50.0,13.3600,1.129,12.616,13.746,horse,the-mystery-of-edwin-drood,1
cache-off,50.0,13.3800,1.372,8.611,9.983,you,the-hound-of-the-baskervilles,1
cache-off,50.0,13.4000,1.025,24.171,25.196,you,jane-eyre-an-autobiography,1
cache-off,50.0,13.4200,5.845,10.476,16.321,of,frankenstein-or-the-modern-prometheus,1
cache-off,50.0,13.4400,1.656,9.313,10.970,money,the-first-men-in-the-moon,1
cache-off,50.0,13.4600,1.307,7.551,8.859,love,the-great-gatsby,1
cache-off,50.0,13.4800,1.464,7.635,9.099,horse,beyond-good-and-evil,1
cache-off,50.0,13.5000,1.133,10.823,11.956,castle,the-secret-adversary,1
cache-off,50.0,13.5200,1.297,20.251,21.549,king,mansfield-park,1
cache-off,50.0,13.5400,1.242,11.018,12.260,you,a-journey-to-the-centre-of-the-earth,1
cache-off,50.0,13.5600,1.097,25.550,26.647,of,the-iliad,1
cache-off,50.0,13.5800,5.666,23.817,29.482,castle,little-women,1
cache-off,50.0,13.6000,10.509,7.605,18.114,he,herland,1
cache-off,50.0,13.6200,1.109,8.540,9.649,of,the-wind-in-the-willows,1
cache-off,50.0,13.6400,1.100,18.237,19.336,death,far-from-the-madding-crowd,1
cache-off,50.0,13.6600,1.613,9.547,11.160,castle,the-king-in-yellow,1
cache-off,50.0,13.6800,1.208,24.183,25.391,money,the-romance-of-lust-a-classic-victorian-erotic-novel,1
cache-off,50.0,13.7000,5.347,19.818,25.166,the,the-last-of-the-mohicans-a-narrative-of-1757,1
cache-off,50.0,13.7200,6.304,14.994,21.299,letter,walden-and-on-the-duty-of-civil-disobedience,1
cache-off,50.0,13.7400,2.635,14.062,16.697,you,the-adventures-of-sherlock-holmes,1
cache-off,50.0,13.7600,1.169,11.291,12.459,london,the-scarlet-letter-33,1
cache-off,50.0,13.7800,1.114,13.417,14.531,castle,the-age-of-innocence,1
cache-off,50.0,13.8000,1.196,7.397,8.593,king,the-prince,1
cache-off,50.0,13.8200,1.288,21.415,22.703,london,the-adventures-of-ferdinand-count-fathom-complete,1
cache-off,50.0,13.8400,5.091,7.095,12.185,sea,the-prince,1
cache-off,50.0,13.8600,1.065,13.875,14.941,castle,the-house-of-the-seven-gables,1
cache-off,50.0,13.8800,1.625,20.673,22.298,death,mansfield-park,1
cache-off,50.0,13.9000,2.752,13.281,16.033,horse,grimms-fairy-tales,1
cache-off,50.0,13.9200,1.107,20.524,21.631,whale,mansfield-park,1
cache-off,50.0,13.9400,2.188,26.283,28.470,letter,leaves-of-grass,1
cache-off,50.0,13.9600,2.232,18.640,20.872,money,desert-gold,1
cache-off,50.0,13.9800,9.519,26.268,35.787,he,great-expectations,1
cache-off,50.0,14.0000,16.440,10.949,27.389,was,the-king-in-yellow,1
cache-off,50.0,14.0200,8.014,10.628,18.642,you,desert-gold,1
cache-off,50.0,14.0400,0.946,19.922,20.868,night,the-tenant-of-wildfell-hall,1
cache-off,50.0,14.0600,1.705,14.288,15.993,death,a-connecticut-yankee-in-king-arthur-s-court,1
cache-off,50.0,14.0800,1.112,7.279,8.391,was,herland,1
cache-off,50.0,14.1000,1.276,14.417,15.693,the,wuthering-heights,1
cache-off,50.0,14.1200,2.851,6.188,9.038,money,the-kama-sutra-of-vatsyayana,1
cache-off,50.0,14.1400,1.958,18.174,20.132,horse,the-last-of-the-mohicans-a-narrative-of-1757,1
cache-off,50.0,14.1600,0.929,7.184,8.113,sea,the-lost-world,1
cache-off,50.0,14.1800,1.188,12.909,14.097,she,anne-of-green-gables,1
cache-off,50.0,14.2000,1.126,16.983,18.110,she,far-from-the-madding-crowd,1
cache-off,50.0,14.2200,1.088,13.126,14.214,letter,thus-spake-zarathustra-a-book-for-all-and-none,1
cache-off,50.0,14.2400,1.314,14.040,15.355,and,madame-bovary,1
cache-off,50.0,14.2600,1.264,13.318,14.582,sea,walden-and-on-the-duty-of-civil-disobedience,1
cache-off,50.0,14.2800,1.193,14.533,15.727,whale,the-odyssey,1
cache-off,50.0,14.3000,1.219,18.110,19.329,heart,dracula,1
cache-off,50.0,14.3200,1.281,5.659,6.940,london,the-hound-of-the-baskervilles-3070,1
cache-off,50.0,14.3400,1.381,10.333,11.714,night,the-scarlet-letter,1
cache-off,50.0,14.3600,1.031,7.468,8.500,death,his-last-bow,1
cache-off,50.0,14.3800,1.169,10.444,11.613,she,desert-gold,1
cache-off,50.0,14.4000,1.599,9.448,11.047,death,autobiography-of-benjamin-franklin,1
cache-off,50.0,14.4200,1.859,14.703,16.562,night,wuthering-heights,1
cache-off,50.0,14.4400,1.283,14.442,15.725,horse,sense-and-sensibility,1
cache-off,50.0,14.4600,1.139,9.728,10.867,death,a-journey-to-the-centre-of-the-earth,1
cache-off,50.0,14.4800,1.328,15.155,16.483,heart,leaves-of-grass,1
cache-off,50.0,14.5000,1.151,12.367,13.518,the,hard-times,1
cache-off,50.0,14.5200,1.283,7.635,8.918,night,black-beauty,1
cache-off,50.0,14.5400,1.232,10.153,11.385,horse,desert-gold,1
cache-off,50.0,14.5600,1.205,8.849,10.054,you,treasure-island,1
cache-off,50.0,14.5800,1.430,13.919,15.349,was,the-divine-comedy,1
cache-off,50.0,14.6000,0.979,15.223,16.203,she,leaves-of-grass,1
cache-off,50.0,14.6200,1.231,12.613,13.843,heart,twenty-thousand-leagues-under-the-sea,1
cache-off,50.0,14.6400,1.369,12.247,13.616,the,the-age-of-innocence,1
cache-off,50.0,14.6600,1.139,7.191,8.330,london,his-last-bow,1
cache-off,50.0,14.6800,1.401,7.203,8.604,sea,herland,1
cache-off,50.0,14.7000,1.369,7.966,9.335,whale,black-beauty,1
cache-off,50.0,14.7200,2.190,7.257,9.447,night,the-great-gatsby,1
cache-off,50.0,14.7400,1.793,15.206,16.998,whale,wuthering-heights,1
cache-off,50.0,14.7600,1.739,13.112,14.851,death,the-memoirs-of-sherlock-holmes,1
cache-off,50.0,14.7800,1.087,9.888,10.976,the,northanger-abbey,1
cache-off,50.0,14.8000,1.251,10.587,11.838,and,kidnapped,1
cache-off,50.0,14.8200,1.352,18.970,20.322,money,emma,1
cache-off,50.0,14.8400,2.360,16.842,19.202,house,jude-the-obscure,1
cache-off,50.0,14.8600,0.934,22.320,23.254,death,the-vicomte-de-bragelonne,1
cache-off,50.0,14.8800,2.674,9.765,12.438,of,the-secret-garden,1
cache-off,50.0,14.9000,1.157,8.403,9.561,king,dubliners,1
cache-off,50.0,14.9200,1.368,15.778,17.146,of,the-house-of-mirth,1
cache-off,50.0,14.9400,1.296,9.754,11.049,of,the-secret-garden,1
cache-off,50.0,14.9600,1.412,21.680,23.093,she,little-women,1
cache-off,50.0,14.9800,1.532,7.905,9.437,london,washington-square,1
cache-off,50.0,15.0000,1.972,7.171,9.143,she,the-lost-world,1
cache-off,50.0,15.0200,1.548,18.458,20.006,night,dracula,1
cache-off,50.0,15.0400,1.127,5.734,6.860,death,the-hound-of-the-baskervilles-3070,1
cache-off,50.0,15.0600,1.251,11.874,13.126,night,grimms-fairy-tales,1
cache-off,50.0,15.0800,1.161,8.531,9.692,was,the-first-men-in-the-moon,1
cache-off,50.0,15.1000,1.192,8.181,9.372,king,the-hound-of-the-baskervilles,1
cache-off,50.0,15.1200,1.226,9.972,11.198,and,the-secret-adversary,1
cache-off,50.0,15.1400,1.386,14.837,16.223,he,the-return-of-sherlock-holmes-108,1
cache-off,50.0,15.1600,1.173,22.700,23.873,heart,villette,1
cache-off,50.0,15.1800,3.401,8.576,11.976,the,dubliners,1
cache-off,50.0,15.2000,1.303,5.841,7.144,was,the-kama-sutra-of-vatsyayana,1
cache-off,50.0,15.2200,1.370,9.991,11.362,love,the-secret-adversary,1
cache-off,50.0,15.2400,1.633,12.704,14.337,you,the-age-of-innocence,1
cache-off,50.0,15.2600,1.393,21.410,22.802,love,jane-eyre-an-autobiography,1
cache-off,50.0,15.2800,1.808,15.176,16.983,castle,leaves-of-grass,1
cache-off,50.0,15.3000,1.381,14.996,16.377,sea,leaves-of-grass,1
cache-off,50.0,15.3200,1.436,17.176,18.612,castle,the-song-of-the-lark,1
cache-off,50.0,15.3400,1.295,7.933,9.228,night,washington-square,1
cache-off,50.0,15.3600,3.667,19.854,23.521,whale,adventures-of-huckleberry-finn,1
cache-off,50.0,15.3800,9.464,8.839,18.303,money,agnes-grey,1
cache-off,50.0,15.4000,1.169,9.435,10.604,sea,autobiography-of-benjamin-franklin,1
cache-off,50.0,15.4200,1.352,8.258,9.610,money,washington-square,1
cache-off,50.0,15.4400,1.336,7.122,8.459,he,the-jungle-book,1
cache-off,50.0,15.4600,1.123,7.963,9.086,he,the-war-of-the-worlds,1
cache-off,50.0,15.4800,1.243,12.038,13.281,you,persuasion,1
cache-off,50.0,15.5000,1.812,19.839,21.651,love,desperate-remedies,1
cache-off,50.0,15.5200,3.556,14.527,18.084,money,anne-of-green-gables,1
cache-off,50.0,15.5400,1.131,11.539,12.670,heart,the-scarlet-letter,1
cache-off,50.0,15.5600,1.166,25.188,26.354,whale,the-iliad,1
cache-off,50.0,15.5800,5.927,23.485,29.411,he,the-innocents-abroad,1
cache-off,50.0,15.6000,8.571,18.927,27.498,money,the-iliad-2199,1
cache-off,50.0,15.6200,9.848,9.082,18.930,night,silas-marner,1
cache-off,50.0,15.6400,1.044,7.640,8.684,you,the-wind-in-the-willows,1
cache-off,50.0,15.6600,1.206,12.801,14.007,death,the-adventures-of-sherlock-holmes,1
cache-off,50.0,15.6800,1.043,13.617,14.660,king,the-divine-comedy,1
cache-off,50.0,15.7000,1.050,12.953,14.003,castle,the-house-of-the-seven-gables,1
cache-off,50.0,15.7200,1.329,12.252,13.582,money,the-works-of-edgar-allan-poe-volume-2,1
cache-off,50.0,15.7400,1.167,21.400,22.567,castle,the-romance-of-lust-a-classic-victorian-erotic-novel,1
cache-off,50.0,15.7600,1.262,9.618,10.880,sea,northanger-abbey,1
cache-off,50.0,15.7800,1.233,6.155,7.388,she,the-kama-sutra-of-vatsyayana,1
cache-off,50.0,15.8000,1.413,13.500,14.913,whale,the-works-of-edgar-allan-poe-volume-2,1
cache-off,50.0,15.8200,1.117,7.516,8.633,sea,herland,1
cache-off,50.0,15.8400,1.203,13.093,14.296,he,the-age-of-innocence,1
cache-off,50.0,15.8600,1.105,9.434,10.539,the,white-fang,1
cache-off,50.0,15.8800,1.082,23.382,24.464,castle,the-vicomte-de-bragelonne,1
cache-off,50.0,15.9000,5.522,19.216,24.739,and,the-adventures-of-ferdinand-count-fathom-complete,1
cache-off,50.0,15.9200,3.790,6.082,9.872,letter,the-kama-sutra-of-vatsyayana,1
cache-off,50.0,15.9400,1.227,14.423,15.650,love,the-adventures-of-sherlock-holmes,1
cache-off,50.0,15.9600,1.104,12.061,13.165,sea,grimms-fairy-tales,1
cache-off,50.0,15.9800,7.296,17.732,25.028,horse,walden-and-on-the-duty-of-civil-disobedience,1
cache-off,50.0,16.0000,4.574,6.066,10.640,house,the-hound-of-the-baskervilles-3070,1
cache-off,50.0,16.0200,1.170,17.278,18.448,was,jude-the-obscure,1
cache-off,50.0,16.0400,1.700,12.398,14.098,love,the-adventures-of-sherlock-holmes,1
cache-off,50.0,16.0600,1.361,11.671,13.032,letter,the-memoirs-of-sherlock-holmes,1
cache-off,50.0,16.0800,1.416,12.330,13.746,london,hard-times,1
cache-off,50.0,16.1000,1.424,9.035,10.459,castle,autobiography-of-benjamin-franklin,1
cache-off,50.0,16.1200,1.531,17.136,18.666,he,far-from-the-madding-crowd,1
cache-off,50.0,16.1400,1.208,9.300,10.507,you,northanger-abbey,1
cache-off,50.0,16.1600,1.176,8.838,10.014,you,cranford,1
cache-off,50.0,16.1800,1.496,9.664,11.160,money,frankenstein-or-the-modern-prometheus,1
cache-off,50.0,16.2000,1.244,17.667,18.910,you,desperate-remedies,1
cache-off,50.0,16.2200,0.933,9.216,10.149,horse,northanger-abbey,1
cache-off,50.0,16.2400,1.433,13.470,14.903,death,madame-bovary,1
cache-off,50.0,16.2600,1.763,17.235,18.998,house,the-jungle,1
cache-off,50.0,16.2800,0.996,9.596,10.592,was,northanger-abbey,1
cache-off,50.0,16.3000,1.241,9.840,11.080,money,myths-and-legends-of-ancient-greece-and-rome,1
cache-off,50.0,16.3200,1.291,10.329,11.620,money,myths-and-legends-of-ancient-greece-and-rome,1
cache-off,50.0,16.3400,1.287,9.102,10.389,letter,autobiography-of-benjamin-franklin,1
cache-off,50.0,16.3600,1.189,13.663,14.852,heart,the-divine-comedy,1
cache-off,50.0,16.3800,1.417,16.846,18.263,king,far-from-the-madding-crowd,1
cache-off,50.0,16.4000,0.910,9.411,10.321,and,the-picture-of-dorian-gray,1
cache-off,50.0,16.4200,1.236,6.545,7.781,horse,the-great-gatsby,1
cache-off,50.0,16.4400,1.278,8.916,10.194,of,the-first-men-in-the-moon,1
cache-off,50.0,16.4600,1.370,11.885,13.254,castle,myths-and-legends-of-ancient-greece-and-rome,1
cache-off,50.0,16.4800,2.881,7.993,10.874,king,poirot-investigates,1
cache-off,50.0,16.5000,1.391,14.607,15.998,whale,the-last-of-the-mohicans-a-narrative-of-1757-27681,1
cache-off,50.0,16.5200,1.473,10.980,12.453,love,the-first-men-in-the-moon,1
cache-off,50.0,16.5400,1.565,23.359,24.924,death,the-moonstone,1
cache-off,50.0,16.5600,6.898,11.829,18.727,house,the-mystery-of-edwin-drood,1
cache-off,50.0,16.5800,1.365,17.532,18.897,was,the-jungle,1
cache-off,50.0,16.6000,0.941,9.015,9.956,was,frankenstein-or-the-modern-prometheus-41445,1
cache-off,50.0,16.6200,1.328,16.866,18.194,she,desperate-remedies,1
cache-off,50.0,16.6400,1.143,14.440,15.584,night,the-odyssey,1
cache-off,50.0,16.6600,1.271,17.817,19.087,he,tess-of-the-d-urbervilles-a-pure-woman,1
cache-off,50.0,16.6800,1.328,15.183,16.511,whale,leaves-of-grass,1
cache-off,50.0,16.7000,1.167,13.119,14.286,death,the-last-of-the-mohicans-a-narrative-of-1757-27681,1
cache-off,50.0,16.7200,1.292,14.597,15.890,money,the-odyssey,1
cache-off,50.0,16.7400,1.197,13.743,14.940,letter,the-divine-comedy,1
cache-off,50.0,16.7600,1.203,8.689,9.891,london,a-princess-of-mars,1
cache-off,50.0,16.7800,1.468,12.611,14.078,and,anne-of-green-gables,1
cache-off,50.0,16.8000,1.135,16.855,17.991,love,desperate-remedies,1
cache-off,50.0,16.8200,1.429,23.077,24.506,sea,villette,1
cache-off,50.0,16.8400,3.349,12.828,16.178,night,anne-of-green-gables,1
cache-off,50.0,16.8600,1.147,11.856,13.003,money,the-memoirs-of-sherlock-holmes,1
cache-off,50.0,16.8800,1.331,13.428,14.759,sea,adventures-of-huckleberry-finn,1
cache-off,50.0,16.9000,11.674,13.950,25.625,house,desert-gold,1
cache-off,50.0,16.9200,4.549,20.555,25.104,house,the-tenant-of-wildfell-hall,1
cache-off,50.0,16.9400,7.429,7.920,15.348,love,the-hound-of-the-baskervilles,1
cache-off,50.0,16.9600,1.614,13.517,15.131,horse,madame-bovary,1
cache-off,50.0,16.9800,1.350,21.296,22.646,was,north-and-south,1
cache-off,50.0,17.0000,3.540,18.158,21.698,death,dracula,1
cache-off,50.0,17.0200,1.274,12.374,13.648,money,twenty-thousand-leagues-under-the-sea,1
cache-off,50.0,17.0400,1.425,10.153,11.578,the,the-secret-garden,1
cache-off,50.0,17.0600,1.099,14.393,15.492,love,the-odyssey,1
cache-off,50.0,17.0800,1.003,17.921,18.924,and,the-song-of-the-lark,1
cache-off,50.0,17.1000,0.943,8.244,9.186,london,the-hound-of-the-baskervilles,1
cache-off,50.0,17.1200,1.411,12.233,13.644,she,hard-times,1
cache-off,50.0,17.1400,1.695,22.498,24.192,king,the-vicomte-de-bragelonne,1
cache-off,50.0,17.1600,2.779,24.499,27.278,of,anne-of-green-gables,1
cache-off,50.0,17.1800,2.482,19.216,21.697,she,the-adventures-of-sherlock-holmes,1
cache-off,50.0,17.2000,10.559,6.687,17.247,letter,beyond-good-and-evil,1
cache-off,50.0,17.2200,1.174,22.994,24.168,castle,the-moonstone,1
cache-off,50.0,17.2400,4.329,23.356,27.685,and,the-mysterious-island,1
cache-off,50.0,17.2600,8.663,9.606,18.270,whale,the-king-in-yellow,1
cache-off,50.0,17.2800,1.184,14.195,15.379,whale,walden-and-on-the-duty-of-civil-disobedience,1
cache-off,50.0,17.3000,1.091,9.816,10.907,of,the-secret-garden-17396,1
cache-off,50.0,17.3200,1.384,9.324,10.708,whale,the-secret-garden-17396,1
cache-off,50.0,17.3400,1.162,7.957,9.119,letter,the-war-of-the-worlds,1
cache-off,50.0,17.3600,1.242,6.190,7.432,king,the-kama-sutra-of-vatsyayana,1
cache-off,50.0,17.3800,1.577,8.050,9.627,horse,his-last-bow,1
cache-off,50.0,17.4000,1.410,11.352,12.762,whale,the-scarlet-letter,1
cache-off,50.0,17.4200,1.097,14.279,15.376,sea,the-divine-comedy,1
cache-off,50.0,17.4400,2.102,15.477,17.579,money,anne-of-green-gables,1
cache-off,50.0,17.4600,1.258,9.561,10.818,money,meditations,1
cache-off,50.0,17.4800,1.389,9.681,11.070,and,the-lost-world,1
cache-off,50.0,17.5000,1.600,10.959,12.558,heart,cranford,1
cache-off,50.0,17.5200,1.406,16.096,17.502,horse,pride-and-prejudice,1
cache-off,50.0,17.5400,1.352,17.109,18.461,castle,thus-spake-zarathustra-a-book-for-all-and-none,1
cache-off,50.0,17.5600,1.061,8.741,9.803,he,treasure-island,1
cache-off,50.0,17.5800,1.144,8.857,10.001,whale,the-warden,1
cache-off,50.0,17.6000,0.951,15.764,16.715,horse,pride-and-prejudice,1
cache-off,50.0,17.6200,1.213,10.113,11.326,house,the-secret-garden,1
cache-off,50.0,17.6400,1.009,21.978,22.987,whale,jane-eyre-an-autobiography,1
cache-off,50.0,17.6600,2.864,14.583,17.447,london,sense-and-sensibility,1
cache-off,50.0,17.6800,1.139,16.166,17.306,castle,the-american,1
cache-off,50.0,17.7000,1.101,20.584,21.685,night,the-tenant-of-wildfell-hall,1
cache-off,50.0,17.7200,1.003,17.528,18.531,night,desperate-remedies,1
cache-off,50.0,17.7400,1.078,21.350,22.429,was,north-and-south,1
cache-off,50.0,17.7600,2.887,5.977,8.864,castle,the-kama-sutra-of-vatsyayana,1
cache-off,50.0,17.7800,1.254,13.473,14.727,you,the-last-of-the-mohicans-a-narrative-of-1757-27681,1
cache-off,50.0,17.8000,1.221,7.984,9.205,night,washington-square,1
cache-off,50.0,17.8200,1.520,23.279,24.799,of,the-iliad,1
cache-off,50.0,17.8400,6.787,9.701,16.489,king,the-picture-of-dorian-gray,1
cache-off,50.0,17.8600,1.337,16.880,18.216,castle,the-jungle,1
cache-off,50.0,17.8800,0.928,13.794,14.723,heart,wuthering-heights,1
cache-off,50.0,17.9000,2.783,8.878,11.660,whale,the-king-in-yellow,1
cache-off,50.0,17.9200,1.124,9.138,10.262,he,meditations,1
cache-off,50.0,17.9400,1.438,9.366,10.804,of,silas-marner,1
cache-off,50.0,17.9600,1.220,10.224,11.444,night,the-secret-garden,1
cache-off,50.0,17.9800,1.122,22.289,23.411,king,little-women,1
cache-off,50.0,18.0000,4.620,8.711,13.331,love,treasure-island,1
cache-off,50.0,18.0200,1.277,9.928,11.205,night,myths-and-legends-of-ancient-greece-and-rome,1
cache-off,50.0,18.0400,1.331,6.636,7.967,castle,the-jungle-book,1
cache-off,50.0,18.0600,1.175,7.274,8.449,of,poirot-investigates,1
cache-off,50.0,18.0800,1.310,9.094,10.404,sea,the-first-men-in-the-moon,1
cache-off,50.0,18.1000,1.235,9.175,10.410,you,agnes-grey,1
cache-off,50.0,18.1200,1.218,13.000,14.218,she,the-memoirs-of-sherlock-holmes,1
cache-off,50.0,18.1400,1.644,9.590,11.234,she,autobiography-of-benjamin-franklin,1
cache-off,50.0,18.1600,1.510,15.013,16.523,house,the-portrait-of-a-lady-volume-1,1
cache-off,50.0,18.1800,1.496,12.028,13.523,letter,memoirs-of-fanny-hill,1
cache-off,50.0,18.2000,1.588,18.170,19.759,death,tess-of-the-d-urbervilles-a-pure-woman,1
cache-off,50.0,18.2200,1.209,9.069,10.278,the,autobiography-of-benjamin-franklin,1
cache-off,50.0,18.2400,1.368,18.724,20.091,whale,the-last-of-the-mohicans-a-narrative-of-1757,1
cache-off,50.0,18.2600,1.289,8.410,9.699,was,the-war-of-the-worlds,1
cache-off,50.0,18.2800,1.679,10.094,11.773,love,the-secret-adversary,1
cache-off,50.0,18.3000,1.245,9.194,10.439,night,white-fang,1
cache-off,50.0,18.3200,1.394,18.195,19.589,death,the-song-of-the-lark,1
cache-off,50.0,18.3400,1.059,14.309,15.367,the,sense-and-sensibility,1
cache-off,50.0,18.3600,1.126,5.866,6.993,the,the-kama-sutra-of-vatsyayana,1
cache-off,50.0,18.3800,1.224,17.908,19.133,king,the-song-of-the-lark,1
cache-off,50.0,18.4000,1.224,13.473,14.697,whale,thus-spake-zarathustra-a-book-for-all-and-none,1
cache-off,50.0,18.4200,1.423,9.957,11.379,king,persuasion,1
cache-off,50.0,18.4400,1.316,13.276,14.592,he,walden-and-on-the-duty-of-civil-disobedience,1
cache-off,50.0,18.4600,1.322,7.308,8.631,horse,black-beauty,1
cache-off,50.0,18.4800,1.198,18.154,19.351,she,mary-barton,1
cache-off,50.0,18.5000,1.185,15.328,16.513,he,herland,1
cache-off,50.0,18.5200,2.232,15.194,17.426,was,the-hound-of-the-baskervilles,1
cache-off,50.0,18.5400,1.176,10.215,11.391,she,the-secret-garden,1
cache-off,50.0,18.5600,1.140,16.466,17.605,was,a-tale-of-two-cities,1
cache-off,50.0,18.5800,1.184,7.734,8.918,death,black-beauty,1
cache-off,50.0,18.6000,1.104,7.692,8.796,he,black-beauty,1
cache-off,50.0,18.6200,1.521,19.310,20.831,she,the-iliad-2199,1
cache-off,50.0,18.6400,3.226,21.273,24.499,you,north-and-south,1
cache-off,50.0,18.6600,4.165,13.799,17.964,death,wuthering-heights,1
cache-off,50.0,18.6800,1.093,13.230,14.323,letter,the-divine-comedy,1
cache-off,50.0,18.7000,1.253,16.994,18.247,she,desperate-remedies,1
cache-off,50.0,18.7200,1.368,13.572,14.940,horse,adventures-of-huckleberry-finn,1
cache-off,50.0,18.7400,1.423,14.320,15.743,sea,wuthering-heights,1
cache-off,50.0,18.7600,0.989,18.562,19.551,heart,dracula,1
cache-off,50.0,18.7800,3.023,23.308,26.331,london,great-expectations,1
cache-off,50.0,18.8000,7.410,6.859,14.269,horse,the-kama-sutra-of-vatsyayana,1
cache-off,50.0,18.8200,1.813,16.048,17.861,london,the-house-of-mirth,1
cache-off,50.0,18.8400,1.916,13.465,15.381,horse,the-divine-comedy,1
cache-off,50.0,18.8600,1.621,8.665,10.285,whale,treasure-island,1
cache-off,50.0,18.8800,1.271,9.159,10.430,was,silas-marner,1
cache-off,50.0,18.9000,1.218,18.750,19.968,death,emma,1
cache-off,50.0,18.9200,1.017,13.580,14.597,house,madame-bovary,1
cache-off,50.0,18.9400,1.123,8.561,9.684,love,agnes-grey,1
cache-off,50.0,18.9600,1.544,34.580,36.125,night,the-innocents-abroad,1
cache-off,50.0,18.9800,15.997,10.118,26.115,horse,the-first-men-in-the-moon,1
cache-off,50.0,19.0000,7.185,12.425,19.609,of,the-age-of-innocence,1
cache-off,50.0,19.0200,1.128,14.336,15.464,letter,the-portrait-of-a-lady-volume-1,1
cache-off,50.0,19.0400,1.361,9.795,11.156,he,kidnapped,1
cache-off,50.0,19.0600,1.548,12.035,13.583,death,the-memoirs-of-sherlock-holmes,1
cache-off,50.0,19.0800,1.143,13.664,14.807,castle,a-connecticut-yankee-in-king-arthur-s-court,1
cache-off,50.0,19.1000,1.202,10.153,11.355,house,the-secret-garden-17396,1
cache-off,50.0,19.1200,1.154,9.546,10.700,he,frankenstein-or-the-modern-prometheus-41445,1
cache-off,50.0,19.1400,0.969,10.745,11.714,she,the-scarlet-letter-33,1
cache-off,50.0,19.1600,1.131,23.210,24.342,london,the-innocents-abroad,1
cache-off,50.0,19.1800,2.872,12.610,15.482,of,grimms-fairy-tales,1
cache-off,50.0,19.2000,1.123,13.507,14.630,castle,the-divine-comedy,1
cache-off,50.0,19.2200,1.255,6.585,7.840,london,the-great-gatsby,1
cache-off,50.0,19.2400,1.220,12.668,13.888,the,the-age-of-innocence,1
cache-off,50.0,19.2600,1.135,7.278,8.413,of,poirot-investigates,1
cache-off,50.0,19.2800,1.527,17.704,19.231,death,the-last-of-the-mohicans-a-narrative-of-1757,1
cache-off,50.0,19.3000,1.221,21.347,22.568,letter,little-women,1
cache-off,50.0,19.3200,1.186,9.862,11.049,the,kidnapped,1
cache-off,50.0,19.3400,1.608,18.342,19.950,death,emma,1
cache-off,50.0,19.3600,1.397,8.158,9.556,you,around-the-world-in-eighty-days,1
cache-off,50.0,19.3800,1.006,6.469,7.475,whale,the-prince,1
cache-off,50.0,19.4000,1.762,11.273,13.035,sea,the-scarlet-letter,1
cache-off,50.0,19.4200,2.062,23.508,25.569,letter,the-iliad,1
cache-off,50.0,19.4400,4.238,10.638,14.876,money,the-secret-garden,1
cache-off,50.0,19.4600,1.215,9.193,10.408,whale,treasure-island,1
cache-off,50.0,19.4800,1.816,19.195,21.012,sea,life-on-the-mississippi,1
cache-off,50.0,19.5000,2.249,21.212,23.461,of,the-romance-of-lust-a-classic-victorian-erotic-novel,1
cache-off,50.0,19.5200,3.252,6.757,10.009,and,the-great-gatsby,1
cache-off,50.0,19.5400,1.452,7.586,9.038,love,his-last-bow,1
cache-off,50.0,19.5600,1.269,17.590,18.860,house,the-last-of-the-mohicans-a-narrative-of-1757,1
cache-off,50.0,19.5800,1.136,11.546,12.683,death,the-mystery-of-edwin-drood,1
cache-off,50.0,19.6000,1.444,12.185,13.629,london,the-age-of-innocence,1
cache-off,50.0,19.6200,1.401,21.397,22.797,you,north-and-south,1
cache-off,50.0,19.6400,2.549,22.461,25.010,night,villette,1
cache-off,50.0,19.6600,5.145,21.709,26.854,love,little-women,1
cache-off,50.0,19.6800,6.272,22.671,28.943,sea,the-vicomte-de-bragelonne,1
cache-off,50.0,19.7000,9.513,21.424,30.936,house,little-women,1
cache-off,50.0,19.7200,11.054,6.523,17.577,letter,the-great-gatsby,1
cache-off,50.0,19.7400,1.291,9.474,10.765,love,the-secret-adversary,1
cache-off,50.0,19.7600,1.565,6.662,8.228,you,the-jungle-book,1
cache-off,50.0,19.7800,1.332,10.391,11.723,the,a-journey-to-the-centre-of-the-earth,1
cache-off,50.0,19.8000,1.277,6.848,8.125,of,the-great-gatsby,1
cache-off,50.0,19.8200,1.429,8.903,10.332,heart,agnes-grey,1
cache-off,50.0,19.8400,1.231,8.001,9.231,money,the-mysterious-affair-at-styles,1
cache-off,50.0,19.8600,1.177,22.668,23.845,heart,great-expectations,1
cache-off,50.0,19.8800,3.382,16.436,19.818,house,far-from-the-madding-crowd,1
cache-off,50.0,19.9000,1.287,7.524,8.811,you,his-last-bow,1
cache-off,50.0,19.9200,1.175,13.268,14.443,death,adventures-of-huckleberry-finn,1
cache-off,50.0,19.9400,1.055,16.276,17.331,night,far-from-the-madding-crowd,1
cache-off,50.0,19.9600,1.079,22.442,23.521,you,villette,1
cache-off,50.0,19.9800,2.990,15.973,18.963,london,a-tale-of-two-cities,1
