1342	pride-and-prejudice	128755
84	frankenstein-or-the-modern-prometheus	75379
1661	the-adventures-of-sherlock-holmes	105955
98	a-tale-of-two-cities	138439
174	the-picture-of-dorian-gray	80461
345	dracula	163951
76	adventures-of-huckleberry-finn	117881
1400	great-expectations	189054
64317	the-great-gatsby	50005
120	treasure-island	70542
1260	jane-eyre-an-autobiography	189431
768	wuthering-heights	119377
158	emma	162095
161	sense-and-sensibility	120880
105	persuasion	84219
141	mansfield-park	161642
121	northanger-abbey	78377
2814	dubliners	69303
36	the-war-of-the-worlds	61017
2852	the-hound-of-the-baskervilles	60043
3070	the-hound-of-the-baskervilles-3070	60070
834	the-memoirs-of-sherlock-holmes	96938
221	the-return-of-sherlock-holmes	114502
108	the-return-of-sherlock-holmes-108	114128
25344	the-scarlet-letter	85845
113	the-secret-garden	83174
236	the-jungle-book	52370
271	black-beauty	60951
289	the-wind-in-the-willows	60792
74	the-adventures-of-tom-sawyer-complete	74392
730	oliver-twist	162230
205	walden-and-on-the-duty-of-civil-disobedience	117427
940	the-last-of-the-mohicans-a-narrative-of-1757	149337
2148	the-works-of-edgar-allan-poe-volume-2	97208
33	the-scarlet-letter-33	84935
45	anne-of-green-gables	107151
514	little-women	191257
2591	grimms-fairy-tales	102125
1727	the-odyssey	130607
6130	the-iliad	195743
8800	the-divine-comedy	114204
2680	meditations	72367
1998	thus-spake-zarathustra-a-book-for-all-and-none	113849
4363	beyond-good-and-evil	64553
1232	the-prince	50181
30254	the-romance-of-lust-a-classic-victorian-erotic-novel	190853
2413	madame-bovary	117706
1322	leaves-of-grass	126628
155	the-moonstone	199938
1155	the-secret-adversary	78560
863	the-mysterious-affair-at-styles	58239
8492	the-king-in-yellow	73130
1013	the-first-men-in-the-moon	69673
140	the-jungle	152476
786	hard-times	105940
32	herland	53959
62	a-princess-of-mars	67765
910	white-fang	73794
25305	memoirs-of-fanny-hill	85159
4276	north-and-south	186673
20203	autobiography-of-benjamin-franklin	78176
41445	frankenstein-or-the-modern-prometheus-41445	72943
44	the-song-of-the-lark	155632
2199	the-iliad-2199	154442
6761	the-adventures-of-ferdinand-count-fathom-complete	163108
502	desert-gold	107432
17396	the-secret-garden-17396	83590
61262	poirot-investigates	53985
27827	the-kama-sutra-of-vatsyayana	59435
18857	a-journey-to-the-centre-of-the-earth	86671
103	around-the-world-in-eighty-days	64351
164	twenty-thousand-leagues-under-the-sea	105944
1268	the-mysterious-island	195047
2609	the-vicomte-de-bragelonne	193035
22381	myths-and-legends-of-ancient-greece-and-rome	109145
564	the-mystery-of-edwin-drood	97985
767	agnes-grey	69401
969	the-tenant-of-wildfell-hall	173086
9182	villette	197610
110	tess-of-the-d-urbervilles-a-pure-woman	154664
153	jude-the-obscure	149533
107	far-from-the-madding-crowd	141907
3044	desperate-remedies	144717
2350	his-last-bow	60068
139	the-lost-world	77268
86	a-connecticut-yankee-in-king-arthur-s-court	120514
3176	the-innocents-abroad	197839
245	life-on-the-mississippi	149194
421	kidnapped	83499
550	silas-marner	74183
619	the-warden	73421
394	cranford	72890
2153	mary-barton	167009
2833	the-portrait-of-a-lady-volume-1	121703
2870	washington-square	65303
177	the-american	137083
541	the-age-of-innocence	104903
284	the-house-of-mirth	133779
77	the-house-of-the-seven-gables	107840
27681	the-last-of-the-mohicans-a-narrative-of-1757-27681	149027
