label,rate,run,t_s,conn_ms,rpc_ms,total_ms,keyword,reference,ok,error_type,selected_server,server_1_connections,server_2_connections,server_3_connections,server_1_response_ewma_ms,server_2_response_ewma_ms,server_3_response_ewma_ms
cache-off-warm100,50,2,0.0000,1.097,30.387,31.483,he,the-vicomte-de-bragelonne,1,,server-1,1,0,0,,,
cache-off-warm100,50,2,0.0200,11.885,26.708,38.593,king,desperate-remedies,1,,server-1,2,0,0,,,
cache-off-warm100,50,2,0.0400,19.253,48.318,67.572,death,dracula,1,,server-1,2,0,0,,,
cache-off-warm100,50,2,0.0600,2.647,46.009,48.656,of,the-lost-world,1,,server-1,2,0,0,,,
cache-off-warm100,50,2,0.0800,29.150,19.685,48.834,house,the-house-of-the-seven-gables,1,,server-1,3,0,0,,,
cache-off-warm100,50,2,0.1000,9.638,35.171,44.809,castle,the-portrait-of-a-lady-volume-1,1,,server-1,4,0,0,,,
cache-off-warm100,50,2,0.1200,23.251,14.476,37.727,king,myths-and-legends-of-ancient-greece-and-rome,1,,server-1,3,0,0,,,
cache-off-warm100,50,2,0.1400,5.311,22.162,27.474,heart,the-mysterious-affair-at-styles,1,,server-1,3,0,0,,,
cache-off-warm100,50,2,0.1600,8.132,18.075,26.207,king,the-scarlet-letter-33,1,,server-1,2,0,0,,,
cache-off-warm100,50,2,0.1800,6.809,22.010,28.819,death,the-warden,1,,server-1,2,0,0,,,
cache-off-warm100,50,2,0.2000,9.268,15.406,24.674,and,meditations,1,,server-1,2,0,0,,,
cache-off-warm100,50,2,0.2200,5.169,19.088,24.257,king,persuasion,1,,server-1,2,0,0,,,
cache-off-warm100,50,2,0.2400,5.101,23.218,28.319,the,jude-the-obscure,1,,server-1,2,0,0,,,
cache-off-warm100,50,2,0.2600,9.191,26.379,35.570,castle,the-jungle,1,,server-1,2,0,0,,,
cache-off-warm100,50,2,0.2800,15.508,13.126,28.634,horse,dubliners,1,,server-1,2,0,0,,,
cache-off-warm100,50,2,0.3000,9.603,39.410,49.014,heart,the-innocents-abroad,1,,server-1,2,0,0,,,
cache-off-warm100,50,2,0.3200,29.768,16.714,46.482,she,madame-bovary,1,,server-1,2,0,0,,,
cache-off-warm100,50,2,0.3400,9.384,37.367,46.751,death,leaves-of-grass,1,,server-1,3,0,0,,,
cache-off-warm100,50,2,0.3600,7.528,64.631,72.159,he,the-romance-of-lust-a-classic-victorian-erotic-novel,1,,server-1,3,0,0,,,
cache-off-warm100,50,2,0.3800,7.001,18.007,25.008,was,thus-spake-zarathustra-a-book-for-all-and-none,1,,server-1,3,0,0,,,
cache-off-warm100,50,2,0.4000,6.121,51.353,57.474,money,the-memoirs-of-sherlock-holmes,1,,server-1,3,0,0,,,
cache-off-warm100,50,2,0.4200,12.900,26.026,38.926,heart,the-kama-sutra-of-vatsyayana,1,,server-1,3,0,0,,,
cache-off-warm100,50,2,0.4400,19.599,17.331,36.930,death,around-the-world-in-eighty-days,1,,server-1,3,0,0,,,
cache-off-warm100,50,2,0.4600,1.416,52.657,54.073,horse,desperate-remedies,1,,server-1,2,0,0,,,
cache-off-warm100,50,2,0.4800,29.890,80.054,109.944,death,jane-eyre-an-autobiography,1,,server-1,2,0,0,,,
cache-off-warm100,50,2,0.5000,16.776,69.711,86.487,heart,the-portrait-of-a-lady-volume-1,1,,server-1,3,0,0,,,
cache-off-warm100,50,2,0.5200,3.049,101.297,104.346,night,desperate-remedies,1,,server-1,3,0,0,,,
cache-off-warm100,50,2,0.5400,50.151,28.722,78.872,sea,autobiography-of-benjamin-franklin,1,,server-1,4,0,0,,,
cache-off-warm100,50,2,0.5600,30.147,44.947,75.095,horse,the-kama-sutra-of-vatsyayana,1,,server-1,5,0,0,,,
cache-off-warm100,50,2,0.5800,55.693,38.290,93.983,was,autobiography-of-benjamin-franklin,1,,server-1,6,0,0,,,
cache-off-warm100,50,2,0.6000,35.508,17.878,53.386,he,the-picture-of-dorian-gray,1,,server-1,6,0,0,,,
cache-off-warm100,50,2,0.6200,16.625,63.206,79.830,sea,a-connecticut-yankee-in-king-arthur-s-court,1,,server-1,6,0,0,,,
cache-off-warm100,50,2,0.6400,30.104,55.966,86.070,was,black-beauty,1,,server-1,4,0,0,,,
cache-off-warm100,50,2,0.6600,10.666,46.963,57.629,horse,the-return-of-sherlock-holmes,1,,server-1,5,0,0,,,
cache-off-warm100,50,2,0.6800,46.160,45.510,91.670,castle,walden-and-on-the-duty-of-civil-disobedience,1,,server-1,5,0,0,,,
cache-off-warm100,50,2,0.7000,26.992,73.419,100.411,love,the-mysterious-island,1,,server-1,5,0,0,,,
cache-off-warm100,50,2,0.7200,11.960,121.807,133.767,house,white-fang,1,,server-1,6,0,0,,,
cache-off-warm100,50,2,0.7400,57.205,57.065,114.270,letter,frankenstein-or-the-modern-prometheus,1,,server-1,4,0,0,,,
cache-off-warm100,50,2,0.7600,40.898,50.244,91.142,the,madame-bovary,1,,server-1,5,0,0,,,
cache-off-warm100,50,2,0.7800,20.675,76.399,97.074,sea,the-portrait-of-a-lady-volume-1,1,,server-1,6,0,0,,,
cache-off-warm100,50,2,0.8000,75.444,32.731,108.175,letter,the-works-of-edgar-allan-poe-volume-2,1,,server-1,6,0,0,,,
cache-off-warm100,50,2,0.8200,55.058,20.990,76.048,and,madame-bovary,1,,server-1,6,0,0,,,
cache-off-warm100,50,2,0.8400,37.283,70.053,107.336,was,jude-the-obscure,1,,server-1,7,0,0,,,
cache-off-warm100,50,2,0.8600,18.333,101.774,120.107,letter,the-first-men-in-the-moon,1,,server-1,6,0,0,,,
cache-off-warm100,50,2,0.8800,63.250,84.315,147.565,whale,the-innocents-abroad,1,,server-1,5,0,0,,,
cache-off-warm100,50,2,0.9000,42.801,121.878,164.679,king,black-beauty,1,,server-1,6,0,0,,,
cache-off-warm100,50,2,0.9200,28.573,114.923,143.496,the,the-vicomte-de-bragelonne,1,,server-1,6,0,0,,,
cache-off-warm100,50,2,0.9400,9.733,81.004,90.738,you,emma,1,,server-1,7,0,0,,,
cache-off-warm100,50,2,0.9600,63.692,95.692,159.384,letter,washington-square,1,,server-1,6,0,0,,,
cache-off-warm100,50,2,0.9800,85.565,69.312,154.877,the,the-kama-sutra-of-vatsyayana,1,,server-1,7,0,0,,,
cache-off-warm100,50,2,1.0000,65.222,45.385,110.607,london,the-tenant-of-wildfell-hall,1,,server-1,8,0,0,,,
cache-off-warm100,50,2,1.0200,46.251,152.240,198.492,horse,the-mystery-of-edwin-drood,1,,server-1,9,0,0,,,
cache-off-warm100,50,2,1.0400,26.341,18.889,45.229,she,the-divine-comedy,1,,server-1,9,0,0,,,
cache-off-warm100,50,2,1.0600,8.503,131.666,140.169,heart,the-memoirs-of-sherlock-holmes,1,,server-1,8,0,0,,,
cache-off-warm100,50,2,1.0800,8.051,131.152,139.204,king,frankenstein-or-the-modern-prometheus,1,,server-1,7,0,0,,,
cache-off-warm100,50,2,1.1000,69.884,70.747,140.631,money,the-mystery-of-edwin-drood,1,,server-1,8,0,0,,,
cache-off-warm100,50,2,1.1200,21.377,139.541,160.917,castle,the-secret-garden-17396,1,,server-1,9,0,0,,,
cache-off-warm100,50,2,1.1400,78.013,94.193,172.207,horse,wuthering-heights,1,,server-1,9,0,0,,,
cache-off-warm100,50,2,1.1600,61.404,32.456,93.861,house,treasure-island,1,,server-1,8,0,0,,,
cache-off-warm100,50,2,1.1800,41.702,69.145,110.847,money,the-jungle-book,1,,server-1,8,0,0,,,
cache-off-warm100,50,2,1.2000,72.623,123.054,195.677,london,dracula,1,,server-1,9,0,0,,,
cache-off-warm100,50,2,1.2200,88.332,195.192,283.524,castle,the-tenant-of-wildfell-hall,1,,server-1,9,0,0,,,
cache-off-warm100,50,2,1.2400,73.649,114.734,188.383,night,the-picture-of-dorian-gray,1,,server-1,8,0,0,,,
cache-off-warm100,50,2,1.2600,47.765,117.341,165.106,night,autobiography-of-benjamin-franklin,1,,server-1,7,0,0,,,
cache-off-warm100,50,2,1.2800,37.725,108.667,146.392,money,the-works-of-edgar-allan-poe-volume-2,1,,server-1,8,0,0,,,
cache-off-warm100,50,2,1.3000,22.931,123.607,146.539,london,persuasion,1,,server-1,9,0,0,,,
cache-off-warm100,50,2,1.3200,20.349,173.040,193.389,death,the-scarlet-letter-33,1,,server-1,7,0,0,,,
cache-off-warm100,50,2,1.3400,107.431,101.310,208.741,heart,black-beauty,1,,server-1,8,0,0,,,
cache-off-warm100,50,2,1.3600,152.230,131.243,283.473,whale,the-picture-of-dorian-gray,1,,server-1,9,0,0,,,
cache-off-warm100,50,2,1.3800,135.780,97.732,233.511,whale,emma,1,,server-1,10,0,0,,,
cache-off-warm100,50,2,1.4000,115.299,133.144,248.444,of,the-picture-of-dorian-gray,1,,server-1,11,0,0,,,
cache-off-warm100,50,2,1.4200,95.923,31.573,127.496,horse,wuthering-heights,1,,server-1,12,0,0,,,
cache-off-warm100,50,2,1.4400,77.479,98.405,175.884,house,the-adventures-of-tom-sawyer-complete,1,,server-1,11,0,0,,,
cache-off-warm100,50,2,1.4600,79.366,108.340,187.706,and,wuthering-heights,1,,server-1,9,0,0,,,
cache-off-warm100,50,2,1.4800,67.852,101.432,169.284,the,the-odyssey,1,,server-1,10,0,0,,,
cache-off-warm100,50,2,1.5000,51.585,174.721,226.307,of,the-return-of-sherlock-holmes-108,1,,server-1,11,0,0,,,
cache-off-warm100,50,2,1.5200,93.604,80.699,174.304,love,desperate-remedies,1,,server-1,10,0,0,,,
cache-off-warm100,50,2,1.5400,104.312,98.509,202.822,he,silas-marner,1,,server-1,11,0,0,,,
cache-off-warm100,50,2,1.5600,67.130,69.524,136.654,she,leaves-of-grass,1,,server-1,11,0,0,,,
cache-off-warm100,50,2,1.5800,66.691,136.245,202.936,whale,the-return-of-sherlock-holmes,1,,server-1,11,0,0,,,
cache-off-warm100,50,2,1.6000,94.533,97.166,191.699,sea,the-prince,1,,server-1,12,0,0,,,
cache-off-warm100,50,2,1.6200,30.053,131.233,161.286,night,treasure-island,1,,server-1,13,0,0,,,
cache-off-warm100,50,2,1.6400,105.657,258.415,364.072,letter,villette,1,,server-1,14,0,0,,,
cache-off-warm100,50,2,1.6600,131.079,156.472,287.551,king,the-secret-garden,1,,server-1,9,0,0,,,
cache-off-warm100,50,2,1.6800,66.130,183.502,249.632,horse,the-divine-comedy,1,,server-1,10,0,0,,,
cache-off-warm100,50,2,1.7000,80.454,65.438,145.892,you,emma,1,,server-1,10,0,0,,,
cache-off-warm100,50,2,1.7200,72.435,77.998,150.432,night,the-jungle-book,1,,server-1,11,0,0,,,
cache-off-warm100,50,2,1.7400,54.207,150.101,204.308,love,northanger-abbey,1,,server-1,11,0,0,,,
cache-off-warm100,50,2,1.7600,44.668,126.729,171.396,horse,anne-of-green-gables,1,,server-1,10,0,0,,,
cache-off-warm100,50,2,1.7800,60.211,186.839,247.050,house,the-wind-in-the-willows,1,,server-1,11,0,0,,,
cache-off-warm100,50,2,1.8000,40.622,49.948,90.569,death,the-portrait-of-a-lady-volume-1,1,,server-1,9,0,0,,,
cache-off-warm100,50,2,1.8200,51.706,215.689,267.395,house,frankenstein-or-the-modern-prometheus,1,,server-1,10,0,0,,,
cache-off-warm100,50,2,1.8400,71.153,103.123,174.277,love,treasure-island,1,,server-1,11,0,0,,,
cache-off-warm100,50,2,1.8600,26.630,114.123,140.753,death,white-fang,1,,server-1,12,0,0,,,
cache-off-warm100,50,2,1.8800,52.686,111.762,164.448,night,meditations,1,,server-1,11,0,0,,,
cache-off-warm100,50,2,1.9000,101.033,70.063,171.096,death,walden-and-on-the-duty-of-civil-disobedience,1,,server-1,12,0,0,,,
cache-off-warm100,50,2,1.9200,108.056,156.296,264.352,he,the-portrait-of-a-lady-volume-1,1,,server-1,13,0,0,,,
cache-off-warm100,50,2,1.9400,149.836,195.572,345.408,castle,the-divine-comedy,1,,server-1,13,0,0,,,
cache-off-warm100,50,2,1.9600,142.949,94.375,237.324,you,the-warden,1,,server-1,10,0,0,,,
cache-off-warm100,50,2,1.9800,110.888,190.365,301.253,sea,walden-and-on-the-duty-of-civil-disobedience,1,,server-1,11,0,0,,,
cache-off-warm100,50,2,2.0000,90.917,60.148,151.066,castle,the-portrait-of-a-lady-volume-1,1,,server-1,12,0,0,,,
cache-off-warm100,50,2,2.0200,82.491,114.226,196.718,whale,a-princess-of-mars,1,,server-1,13,0,0,,,
cache-off-warm100,50,2,2.0400,114.110,170.691,284.801,the,the-iliad,1,,server-1,11,0,0,,,
cache-off-warm100,50,2,2.0600,265.951,169.541,435.492,horse,the-great-gatsby,1,,server-1,12,0,0,,,
cache-off-warm100,50,2,2.0800,241.130,60.972,302.103,she,the-mystery-of-edwin-drood,1,,server-1,10,0,0,,,
cache-off-warm100,50,2,2.1000,225.551,16.693,242.244,king,persuasion,1,,server-1,10,0,0,,,
cache-off-warm100,50,2,2.1200,206.357,117.548,323.904,sea,the-picture-of-dorian-gray,1,,server-1,11,0,0,,,
cache-off-warm100,50,2,2.1400,185.955,62.609,248.564,money,his-last-bow,1,,server-1,12,0,0,,,
cache-off-warm100,50,2,2.1600,167.402,223.771,391.173,was,meditations,1,,server-1,12,0,0,,,
cache-off-warm100,50,2,2.1800,147.705,250.513,398.219,money,little-women,1,,server-1,13,0,0,,,
cache-off-warm100,50,2,2.2000,128.908,48.464,177.371,horse,the-jungle-book,1,,server-1,14,0,0,,,
cache-off-warm100,50,2,2.2200,110.442,223.664,334.106,you,the-memoirs-of-sherlock-holmes,1,,server-1,14,0,0,,,
cache-off-warm100,50,2,2.2400,153.564,155.595,309.159,whale,the-portrait-of-a-lady-volume-1,1,,server-1,15,0,0,,,
cache-off-warm100,50,2,2.2600,122.726,110.561,233.287,death,beyond-good-and-evil,1,,server-1,14,0,0,,,
cache-off-warm100,50,2,2.2800,117.547,234.138,351.685,castle,the-first-men-in-the-moon,1,,server-1,15,0,0,,,
cache-off-warm100,50,2,2.3000,193.219,111.082,304.301,death,the-mysterious-island,1,,server-1,16,0,0,,,
cache-off-warm100,50,2,2.3200,280.684,115.094,395.777,death,the-last-of-the-mohicans-a-narrative-of-1757,1,,server-1,17,0,0,,,
cache-off-warm100,50,2,2.3400,235.576,62.533,298.109,of,desperate-remedies,1,,server-1,15,0,0,,,
cache-off-warm100,50,2,2.3600,218.869,226.000,444.869,money,the-jungle,1,,server-1,16,0,0,,,
cache-off-warm100,50,2,2.3800,224.502,81.560,306.062,sea,pride-and-prejudice,1,,server-1,17,0,0,,,
cache-off-warm100,50,2,2.4000,200.194,63.145,263.339,he,mansfield-park,1,,server-1,14,0,0,,,
cache-off-warm100,50,2,2.4200,180.794,244.463,425.257,king,walden-and-on-the-duty-of-civil-disobedience,1,,server-1,15,0,0,,,
cache-off-warm100,50,2,2.4400,167.916,193.599,361.516,horse,a-tale-of-two-cities,1,,server-1,16,0,0,,,
cache-off-warm100,50,2,2.4600,172.550,242.855,415.404,death,the-picture-of-dorian-gray,1,,server-1,17,0,0,,,
cache-off-warm100,50,2,2.4800,238.919,160.098,399.018,she,the-adventures-of-ferdinand-count-fathom-complete,1,,server-1,18,0,0,,,
cache-off-warm100,50,2,2.5000,218.414,144.105,362.518,she,the-secret-garden,1,,server-1,18,0,0,,,
cache-off-warm100,50,2,2.5200,285.259,124.977,410.236,of,the-hound-of-the-baskervilles,1,,server-1,19,0,0,,,
cache-off-warm100,50,2,2.5400,328.813,136.046,464.859,and,life-on-the-mississippi,1,,server-1,19,0,0,,,
cache-off-warm100,50,2,2.5600,308.018,113.175,421.193,heart,the-vicomte-de-bragelonne,1,,server-1,18,0,0,,,
cache-off-warm100,50,2,2.5800,292.972,58.862,351.833,horse,the-adventures-of-tom-sawyer-complete,1,,server-1,17,0,0,,,
cache-off-warm100,50,2,2.6000,272.660,210.598,483.258,sea,autobiography-of-benjamin-franklin,1,,server-1,18,0,0,,,
cache-off-warm100,50,2,2.6200,336.637,136.384,473.020,heart,the-wind-in-the-willows,1,,server-1,18,0,0,,,
cache-off-warm100,50,2,2.6400,343.309,47.332,390.641,and,the-scarlet-letter-33,1,,server-1,16,0,0,,,
cache-off-warm100,50,2,2.6600,317.815,29.058,346.872,house,adventures-of-huckleberry-finn,1,,server-1,17,0,0,,,
cache-off-warm100,50,2,2.6800,320.999,54.725,375.724,london,oliver-twist,1,,server-1,18,0,0,,,
cache-off-warm100,50,2,2.7000,310.595,157.653,468.249,and,myths-and-legends-of-ancient-greece-and-rome,1,,server-1,19,0,0,,,
cache-off-warm100,50,2,2.7200,308.341,130.214,438.555,night,persuasion,1,,server-1,18,0,0,,,
cache-off-warm100,50,2,2.7400,290.971,183.270,474.241,castle,north-and-south,1,,server-1,18,0,0,,,
cache-off-warm100,50,2,2.7600,368.179,114.864,483.043,was,autobiography-of-benjamin-franklin,1,,server-1,19,0,0,,,
cache-off-warm100,50,2,2.7800,318.311,154.506,472.817,the,poirot-investigates,1,,server-1,20,0,0,,,
cache-off-warm100,50,2,2.8000,328.311,99.689,428.000,you,a-journey-to-the-centre-of-the-earth,1,,server-1,21,0,0,,,
cache-off-warm100,50,2,2.8200,350.142,136.369,486.511,night,the-picture-of-dorian-gray,1,,server-1,21,0,0,,,
cache-off-warm100,50,2,2.8400,388.300,55.823,444.123,letter,the-picture-of-dorian-gray,1,,server-1,22,0,0,,,
cache-off-warm100,50,2,2.8600,403.540,172.094,575.634,night,the-american,1,,server-1,23,0,0,,,
cache-off-warm100,50,2,2.8800,429.333,202.739,632.071,horse,the-vicomte-de-bragelonne,1,,server-1,20,0,0,,,
cache-off-warm100,50,2,2.9000,410.289,69.034,479.322,of,sense-and-sensibility,1,,server-1,20,0,0,,,
cache-off-warm100,50,2,2.9200,391.362,121.640,513.003,the,the-wind-in-the-willows,1,,server-1,21,0,0,,,
cache-off-warm100,50,2,2.9400,372.084,171.772,543.856,king,oliver-twist,1,,server-1,21,0,0,,,
cache-off-warm100,50,2,2.9600,361.124,197.103,558.228,king,the-iliad,1,,server-1,22,0,0,,,
cache-off-warm100,50,2,2.9800,345.669,252.115,597.784,letter,the-iliad-2199,1,,server-1,23,0,0,,,
cache-off-warm100,50,2,3.0000,338.393,169.995,508.388,the,thus-spake-zarathustra-a-book-for-all-and-none,1,,server-1,22,0,0,,,
cache-off-warm100,50,2,3.0200,356.452,158.605,515.057,house,the-odyssey,1,,server-1,21,0,0,,,
cache-off-warm100,50,2,3.0400,395.894,170.829,566.723,money,the-mysterious-island,1,,server-1,22,0,0,,,
cache-off-warm100,50,2,3.0600,424.228,168.898,593.126,king,a-connecticut-yankee-in-king-arthur-s-court,1,,server-1,23,0,0,,,
cache-off-warm100,50,2,3.0800,404.426,90.537,494.963,you,the-return-of-sherlock-holmes,1,,server-1,24,0,0,,,
cache-off-warm100,50,2,3.1000,472.207,120.923,593.130,death,leaves-of-grass,1,,server-1,21,0,0,,,
cache-off-warm100,50,2,3.1200,393.145,108.006,501.152,castle,adventures-of-huckleberry-finn,1,,server-1,22,0,0,,,
cache-off-warm100,50,2,3.1400,432.058,59.677,491.735,castle,the-war-of-the-worlds,1,,server-1,23,0,0,,,
cache-off-warm100,50,2,3.1600,377.991,152.535,530.525,she,the-mysterious-island,1,,server-1,24,0,0,,,
cache-off-warm100,50,2,3.1800,423.191,125.028,548.219,love,memoirs-of-fanny-hill,1,,server-1,24,0,0,,,
cache-off-warm100,50,2,3.2000,421.865,156.424,578.289,he,the-secret-garden,1,,server-1,25,0,0,,,
cache-off-warm100,50,2,3.2200,433.888,86.542,520.429,the,the-odyssey,1,,server-1,25,0,0,,,
cache-off-warm100,50,2,3.2400,453.923,51.266,505.189,you,meditations,1,,server-1,24,0,0,,,
cache-off-warm100,50,2,3.2600,437.240,143.701,580.942,the,dracula,1,,server-1,23,0,0,,,
cache-off-warm100,50,2,3.2800,468.571,235.678,704.249,and,the-house-of-the-seven-gables,1,,server-1,24,0,0,,,
cache-off-warm100,50,2,3.3000,425.867,118.952,544.819,of,grimms-fairy-tales,1,,server-1,25,0,0,,,
cache-off-warm100,50,2,3.3200,421.058,125.791,546.849,king,leaves-of-grass,1,,server-1,24,0,0,,,
cache-off-warm100,50,2,3.3400,415.605,161.544,577.149,love,walden-and-on-the-duty-of-civil-disobedience,1,,server-1,25,0,0,,,
cache-off-warm100,50,2,3.3600,422.873,131.928,554.801,the,the-king-in-yellow,1,,server-1,26,0,0,,,
cache-off-warm100,50,2,3.3800,487.236,94.583,581.820,whale,sense-and-sensibility,1,,server-1,27,0,0,,,
cache-off-warm100,50,2,3.4000,477.881,157.645,635.526,he,adventures-of-huckleberry-finn,1,,server-1,28,0,0,,,
cache-off-warm100,50,2,3.4200,498.278,95.055,593.333,whale,the-warden,1,,server-1,29,0,0,,,
cache-off-warm100,50,2,3.4400,480.411,94.625,575.036,night,memoirs-of-fanny-hill,1,,server-1,27,0,0,,,
cache-off-warm100,50,2,3.4600,460.432,148.090,608.521,she,washington-square,1,,server-1,28,0,0,,,
cache-off-warm100,50,2,3.4800,558.997,95.523,654.521,king,the-american,1,,server-1,29,0,0,,,
cache-off-warm100,50,2,3.5000,515.236,92.325,607.561,she,oliver-twist,1,,server-1,30,0,0,,,
cache-off-warm100,50,2,3.5200,518.053,149.102,667.155,was,frankenstein-or-the-modern-prometheus-41445,1,,server-1,29,0,0,,,
cache-off-warm100,50,2,3.5400,497.866,71.647,569.513,money,desert-gold,1,,server-1,27,0,0,,,
cache-off-warm100,50,2,3.5600,479.637,323.370,803.007,the,the-tenant-of-wildfell-hall,1,,server-1,28,0,0,,,
cache-off-warm100,50,2,3.5800,457.795,166.611,624.406,horse,the-return-of-sherlock-holmes,1,,server-1,29,0,0,,,
cache-off-warm100,50,2,3.6000,439.135,127.038,566.173,you,villette,1,,server-1,30,0,0,,,
cache-off-warm100,50,2,3.6200,418.302,73.562,491.864,you,pride-and-prejudice,1,,server-1,29,0,0,,,
cache-off-warm100,50,2,3.6400,426.862,296.318,723.181,house,north-and-south,1,,server-1,30,0,0,,,
cache-off-warm100,50,2,3.6600,454.692,60.051,514.743,whale,the-kama-sutra-of-vatsyayana,1,,server-1,28,0,0,,,
cache-off-warm100,50,2,3.6800,434.491,357.783,792.273,of,the-secret-garden,1,,server-1,29,0,0,,,
cache-off-warm100,50,2,3.7000,506.875,212.851,719.726,castle,myths-and-legends-of-ancient-greece-and-rome,1,,server-1,27,0,0,,,
cache-off-warm100,50,2,3.7200,486.808,154.908,641.716,horse,the-king-in-yellow,1,,server-1,28,0,0,,,
cache-off-warm100,50,2,3.7400,465.220,57.175,522.396,house,the-odyssey,1,,server-1,29,0,0,,,
cache-off-warm100,50,2,3.7600,446.377,139.702,586.078,house,the-mysterious-island,1,,server-1,27,0,0,,,
cache-off-warm100,50,2,3.7800,427.011,138.011,565.021,heart,pride-and-prejudice,1,,server-1,28,0,0,,,
cache-off-warm100,50,2,3.8000,439.684,212.826,652.510,horse,the-scarlet-letter-33,1,,server-1,28,0,0,,,
cache-off-warm100,50,2,3.8200,442.308,188.709,631.017,love,the-last-of-the-mohicans-a-narrative-of-1757,1,,server-1,29,0,0,,,
cache-off-warm100,50,2,3.8400,504.780,136.970,641.750,house,the-wind-in-the-willows,1,,server-1,30,0,0,,,
cache-off-warm100,50,2,3.8600,610.033,112.191,722.224,sea,frankenstein-or-the-modern-prometheus,1,,server-1,30,0,0,,,
cache-off-warm100,50,2,3.8800,590.930,37.890,628.820,horse,the-portrait-of-a-lady-volume-1,1,,server-1,29,0,0,,,
cache-off-warm100,50,2,3.9000,571.180,112.485,683.665,king,frankenstein-or-the-modern-prometheus-41445,1,,server-1,30,0,0,,,
cache-off-warm100,50,2,3.9200,551.919,108.422,660.341,sea,twenty-thousand-leagues-under-the-sea,1,,server-1,29,0,0,,,
cache-off-warm100,50,2,3.9400,565.523,110.944,676.468,death,tess-of-the-d-urbervilles-a-pure-woman,1,,server-1,30,0,0,,,
cache-off-warm100,50,2,3.9600,545.888,126.282,672.170,of,black-beauty,1,,server-1,31,0,0,,,
cache-off-warm100,50,2,3.9800,529.123,150.873,679.996,king,the-mysterious-affair-at-styles,1,,server-1,32,0,0,,,
cache-off-warm100,50,2,4.0000,516.329,134.760,651.089,whale,thus-spake-zarathustra-a-book-for-all-and-none,1,,server-1,33,0,0,,,
cache-off-warm100,50,2,4.0200,505.858,163.130,668.987,whale,jude-the-obscure,1,,server-1,32,0,0,,,
cache-off-warm100,50,2,4.0400,480.263,332.018,812.282,london,the-jungle,1,,server-1,30,0,0,,,
cache-off-warm100,50,2,4.0600,522.538,51.100,573.638,love,northanger-abbey,1,,server-1,31,0,0,,,
cache-off-warm100,50,2,4.0800,505.668,82.088,587.756,she,the-hound-of-the-baskervilles-3070,1,,server-1,32,0,0,,,
cache-off-warm100,50,2,4.1000,560.882,123.167,684.049,night,the-secret-garden,1,,server-1,32,0,0,,,
cache-off-warm100,50,2,4.1200,549.200,245.418,794.618,king,wuthering-heights,1,,server-1,32,0,0,,,
cache-off-warm100,50,2,4.1400,550.900,201.557,752.457,money,the-portrait-of-a-lady-volume-1,1,,server-1,32,0,0,,,
cache-off-warm100,50,2,4.1600,530.102,200.586,730.688,money,the-last-of-the-mohicans-a-narrative-of-1757,1,,server-1,33,0,0,,,
cache-off-warm100,50,2,4.1800,510.694,227.553,738.247,he,the-tenant-of-wildfell-hall,1,,server-1,33,0,0,,,
cache-off-warm100,50,2,4.2000,492.368,219.648,712.016,whale,far-from-the-madding-crowd,1,,server-1,34,0,0,,,
cache-off-warm100,50,2,4.2200,508.056,223.168,731.224,you,emma,1,,server-1,30,0,0,,,
cache-off-warm100,50,2,4.2400,684.373,241.001,925.374,night,villette,1,,server-1,31,0,0,,,
cache-off-warm100,50,2,4.2600,658.299,70.123,728.422,she,leaves-of-grass,1,,server-1,32,0,0,,,
cache-off-warm100,50,2,4.2800,670.907,33.402,704.309,love,the-lost-world,1,,server-1,33,0,0,,,
cache-off-warm100,50,2,4.3000,651.961,175.582,827.543,you,great-expectations,1,,server-1,34,0,0,,,
cache-off-warm100,50,2,4.3200,631.969,208.969,840.939,death,herland,1,,server-1,35,0,0,,,
cache-off-warm100,50,2,4.3400,612.869,145.517,758.386,you,twenty-thousand-leagues-under-the-sea,1,,server-1,36,0,0,,,
cache-off-warm100,50,2,4.3600,594.296,198.783,793.079,the,herland,1,,server-1,35,0,0,,,
cache-off-warm100,50,2,4.3800,609.572,302.620,912.193,london,dracula,1,,server-1,32,0,0,,,
cache-off-warm100,50,2,4.4000,585.561,136.225,721.786,night,the-american,1,,server-1,33,0,0,,,
cache-off-warm100,50,2,4.4200,565.377,236.704,802.081,death,the-vicomte-de-bragelonne,1,,server-1,34,0,0,,,
cache-off-warm100,50,2,4.4400,554.277,276.124,830.402,you,silas-marner,1,,server-1,35,0,0,,,
cache-off-warm100,50,2,4.4600,660.885,191.981,852.866,the,poirot-investigates,1,,server-1,35,0,0,,,
cache-off-warm100,50,2,4.4800,624.110,191.388,815.498,house,the-mysterious-island,1,,server-1,34,0,0,,,
cache-off-warm100,50,2,4.5000,621.388,300.996,922.384,king,the-jungle,1,,server-1,34,0,0,,,
cache-off-warm100,50,2,4.5200,600.025,248.945,848.970,king,anne-of-green-gables,1,,server-1,33,0,0,,,
cache-off-warm100,50,2,4.5400,614.044,218.356,832.400,king,twenty-thousand-leagues-under-the-sea,1,,server-1,34,0,0,,,
cache-off-warm100,50,2,4.5600,606.613,236.784,843.397,of,the-mystery-of-edwin-drood,1,,server-1,35,0,0,,,
cache-off-warm100,50,2,4.5800,708.558,136.114,844.672,and,herland,1,,server-1,36,0,0,,,
cache-off-warm100,50,2,4.6000,754.066,92.715,846.781,king,washington-square,1,,server-1,35,0,0,,,
cache-off-warm100,50,2,4.6200,783.694,32.964,816.658,king,the-secret-garden-17396,1,,server-1,35,0,0,,,
cache-off-warm100,50,2,4.6400,795.039,31.278,826.317,you,the-scarlet-letter,1,,server-1,36,0,0,,,
cache-off-warm100,50,2,4.6600,788.594,77.142,865.736,heart,the-hound-of-the-baskervilles,1,,server-1,37,0,0,,,
cache-off-warm100,50,2,4.6800,787.905,84.375,872.280,house,hard-times,1,,server-1,32,0,0,,,
cache-off-warm100,50,2,4.7000,769.904,106.461,876.366,sea,the-works-of-edgar-allan-poe-volume-2,1,,server-1,32,0,0,,,
cache-off-warm100,50,2,4.7200,832.267,158.439,990.706,castle,the-return-of-sherlock-holmes-108,1,,server-1,33,0,0,,,
cache-off-warm100,50,2,4.7400,730.742,138.019,868.761,house,hard-times,1,,server-1,34,0,0,,,
cache-off-warm100,50,2,4.7600,727.792,211.899,939.691,king,the-adventures-of-ferdinand-count-fathom-complete,1,,server-1,35,0,0,,,
cache-off-warm100,50,2,4.7800,693.546,350.994,1044.540,money,the-adventures-of-sherlock-holmes,1,,server-1,36,0,0,,,
cache-off-warm100,50,2,4.8000,680.158,199.853,880.011,she,the-mysterious-island,1,,server-1,37,0,0,,,
cache-off-warm100,50,2,4.8200,727.732,238.480,966.212,letter,cranford,1,,server-1,38,0,0,,,
cache-off-warm100,50,2,4.8400,712.328,205.038,917.366,love,a-princess-of-mars,1,,server-1,39,0,0,,,
cache-off-warm100,50,2,4.8600,711.996,183.491,895.487,the,tess-of-the-d-urbervilles-a-pure-woman,1,,server-1,40,0,0,,,
cache-off-warm100,50,2,4.8800,796.208,111.640,907.848,king,around-the-world-in-eighty-days,1,,server-1,40,0,0,,,
cache-off-warm100,50,2,4.9000,811.415,89.906,901.321,and,his-last-bow,1,,server-1,39,0,0,,,
cache-off-warm100,50,2,4.9200,839.053,69.700,908.753,whale,the-hound-of-the-baskervilles-3070,1,,server-1,37,0,0,,,
cache-off-warm100,50,2,4.9400,892.534,198.367,1090.901,sea,the-secret-garden-17396,1,,server-1,38,0,0,,,
cache-off-warm100,50,2,4.9600,866.010,207.645,1073.654,the,sense-and-sensibility,1,,server-1,37,0,0,,,
cache-off-warm100,50,2,4.9800,851.539,210.029,1061.568,whale,the-mystery-of-edwin-drood,1,,server-1,38,0,0,,,
cache-off-warm100,50,2,5.0000,830.990,198.363,1029.353,house,the-house-of-mirth,1,,server-1,37,0,0,,,
cache-off-warm100,50,2,5.0200,810.511,206.144,1016.655,she,dracula,1,,server-1,38,0,0,,,
cache-off-warm100,50,2,5.0400,789.665,197.263,986.929,king,the-tenant-of-wildfell-hall,1,,server-1,39,0,0,,,
cache-off-warm100,50,2,5.0600,774.132,267.744,1041.876,heart,meditations,1,,server-1,40,0,0,,,
cache-off-warm100,50,2,5.0800,958.888,185.474,1144.362,you,cranford,1,,server-1,41,0,0,,,
cache-off-warm100,50,2,5.1000,937.719,136.141,1073.859,king,desperate-remedies,1,,server-1,42,0,0,,,
cache-off-warm100,50,2,5.1200,918.647,155.540,1074.187,king,madame-bovary,1,,server-1,43,0,0,,,
cache-off-warm100,50,2,5.1400,901.633,64.545,966.178,you,the-hound-of-the-baskervilles-3070,1,,server-1,44,0,0,,,
cache-off-warm100,50,2,5.1600,902.681,139.512,1042.194,was,the-kama-sutra-of-vatsyayana,1,,server-1,44,0,0,,,
cache-off-warm100,50,2,5.1800,883.066,128.948,1012.014,house,tess-of-the-d-urbervilles-a-pure-woman,1,,server-1,42,0,0,,,
cache-off-warm100,50,2,5.2000,971.017,120.929,1091.946,was,the-romance-of-lust-a-classic-victorian-erotic-novel,1,,server-1,41,0,0,,,
cache-off-warm100,50,2,5.2200,856.470,187.589,1044.059,you,persuasion,1,,server-1,42,0,0,,,
cache-off-warm100,50,2,5.2400,933.752,114.041,1047.793,letter,the-first-men-in-the-moon,1,,server-1,43,0,0,,,
cache-off-warm100,50,2,5.2600,964.064,86.930,1050.994,house,the-house-of-mirth,1,,server-1,44,0,0,,,
cache-off-warm100,50,2,5.2800,1012.641,295.880,1308.520,horse,leaves-of-grass,1,,server-1,45,0,0,,,
cache-off-warm100,50,2,5.3000,993.670,80.941,1074.611,king,frankenstein-or-the-modern-prometheus-41445,1,,server-1,45,0,0,,,
cache-off-warm100,50,2,5.3200,973.138,86.269,1059.407,she,persuasion,1,,server-1,43,0,0,,,
cache-off-warm100,50,2,5.3400,953.318,214.863,1168.181,you,dubliners,1,,server-1,44,0,0,,,
cache-off-warm100,50,2,5.3600,934.018,41.198,975.215,london,desert-gold,1,,server-1,45,0,0,,,
cache-off-warm100,50,2,5.3800,914.109,407.746,1321.855,house,the-mystery-of-edwin-drood,1,,server-1,45,0,0,,,
cache-off-warm100,50,2,5.4000,912.086,124.230,1036.316,of,dracula,1,,server-1,46,0,0,,,
cache-off-warm100,50,2,5.4200,888.701,235.692,1124.393,letter,the-scarlet-letter-33,1,,server-1,45,0,0,,,
cache-off-warm100,50,2,5.4400,879.442,271.688,1151.130,london,the-last-of-the-mohicans-a-narrative-of-1757,1,,server-1,46,0,0,,,
cache-off-warm100,50,2,5.4600,859.397,200.164,1059.561,the,the-hound-of-the-baskervilles-3070,1,,server-1,43,0,0,,,
cache-off-warm100,50,2,5.4800,835.613,390.611,1226.224,whale,the-warden,1,,server-1,42,0,0,,,
cache-off-warm100,50,2,5.5000,833.044,328.605,1161.648,death,the-last-of-the-mohicans-a-narrative-of-1757,1,,server-1,43,0,0,,,
cache-off-warm100,50,2,5.5200,909.569,367.676,1277.245,money,a-connecticut-yankee-in-king-arthur-s-court,1,,server-1,44,0,0,,,
cache-off-warm100,50,2,5.5400,795.521,372.657,1168.178,letter,agnes-grey,1,,server-1,45,0,0,,,
cache-off-warm100,50,2,5.5600,883.668,306.427,1190.095,of,the-moonstone,1,,server-1,45,0,0,,,
cache-off-warm100,50,2,5.5800,861.930,217.711,1079.641,you,meditations,1,,server-1,45,0,0,,,
cache-off-warm100,50,2,5.6000,910.443,281.875,1192.319,love,his-last-bow,1,,server-1,45,0,0,,,
cache-off-warm100,50,2,5.6200,1009.162,181.042,1190.204,he,the-hound-of-the-baskervilles-3070,1,,server-1,46,0,0,,,
cache-off-warm100,50,2,5.6400,989.305,116.873,1106.178,sea,northanger-abbey,1,,server-1,47,0,0,,,
cache-off-warm100,50,2,5.6600,1043.051,132.997,1176.047,london,the-adventures-of-ferdinand-count-fathom-complete,1,,server-1,47,0,0,,,
cache-off-warm100,50,2,5.6800,1129.340,52.682,1182.023,she,the-divine-comedy,1,,server-1,48,0,0,,,
cache-off-warm100,50,2,5.7000,1137.380,191.690,1329.070,he,the-war-of-the-worlds,1,,server-1,49,0,0,,,
cache-off-warm100,50,2,5.7200,1115.937,124.095,1240.032,you,the-mysterious-island,1,,server-1,50,0,0,,,
cache-off-warm100,50,2,5.7400,1096.811,66.220,1163.031,was,the-secret-garden,1,,server-1,51,0,0,,,
cache-off-warm100,50,2,5.7600,1079.127,61.900,1141.027,sea,the-war-of-the-worlds,1,,server-1,48,0,0,,,
cache-off-warm100,50,2,5.7800,1059.071,247.619,1306.689,night,the-works-of-edgar-allan-poe-volume-2,1,,server-1,49,0,0,,,
cache-off-warm100,50,2,5.8000,1060.204,128.947,1189.151,sea,little-women,1,,server-1,50,0,0,,,
cache-off-warm100,50,2,5.8200,1021.280,114.189,1135.470,money,life-on-the-mississippi,1,,server-1,50,0,0,,,
cache-off-warm100,50,2,5.8400,1019.057,264.897,1283.954,and,white-fang,1,,server-1,46,0,0,,,
cache-off-warm100,50,2,5.8600,1001.841,280.939,1282.780,of,autobiography-of-benjamin-franklin,1,,server-1,47,0,0,,,
cache-off-warm100,50,2,5.8800,984.546,258.687,1243.233,king,little-women,1,,server-1,48,0,0,,,
cache-off-warm100,50,2,5.9000,967.623,274.645,1242.268,you,the-iliad-2199,1,,server-1,49,0,0,,,
cache-off-warm100,50,2,5.9200,1109.657,146.208,1255.865,whale,sense-and-sensibility,1,,server-1,50,0,0,,,
cache-off-warm100,50,2,5.9400,1140.391,86.843,1227.235,you,the-secret-garden,1,,server-1,51,0,0,,,
cache-off-warm100,50,2,5.9600,1182.688,130.450,1313.138,sea,the-secret-adversary,1,,server-1,52,0,0,,,
cache-off-warm100,50,2,5.9800,1195.106,73.861,1268.967,horse,around-the-world-in-eighty-days,1,,server-1,53,0,0,,,
cache-off-warm100,50,2,6.0000,1177.228,82.713,1259.942,he,the-iliad-2199,1,,server-1,54,0,0,,,
cache-off-warm100,50,2,6.0200,1160.394,89.733,1250.127,night,washington-square,1,,server-1,55,0,0,,,
cache-off-warm100,50,2,6.0400,1153.138,221.388,1374.526,london,the-iliad,1,,server-1,54,0,0,,,
cache-off-warm100,50,2,6.0600,1210.855,28.030,1238.885,horse,the-first-men-in-the-moon,1,,server-1,51,0,0,,,
cache-off-warm100,50,2,6.0800,1194.607,202.181,1396.788,whale,the-lost-world,1,,server-1,52,0,0,,,
cache-off-warm100,50,2,6.1000,1176.189,203.532,1379.720,was,the-adventures-of-ferdinand-count-fathom-complete,1,,server-1,53,0,0,,,
cache-off-warm100,50,2,6.1200,1156.014,50.966,1206.980,and,the-kama-sutra-of-vatsyayana,1,,server-1,54,0,0,,,
cache-off-warm100,50,2,6.1400,1138.073,151.308,1289.381,you,the-warden,1,,server-1,55,0,0,,,
cache-off-warm100,50,2,6.1600,1120.724,66.325,1187.049,letter,frankenstein-or-the-modern-prometheus-41445,1,,server-1,55,0,0,,,
cache-off-warm100,50,2,6.1800,1099.746,130.229,1229.975,sea,madame-bovary,1,,server-1,56,0,0,,,
cache-off-warm100,50,2,6.2000,1240.066,143.482,1383.548,he,the-adventures-of-ferdinand-count-fathom-complete,1,,server-1,55,0,0,,,
cache-off-warm100,50,2,6.2200,1104.213,229.289,1333.503,castle,desert-gold,1,,server-1,56,0,0,,,
cache-off-warm100,50,2,6.2400,1174.865,95.122,1269.987,death,the-king-in-yellow,1,,server-1,54,0,0,,,
cache-off-warm100,50,2,6.2600,1147.237,104.321,1251.559,heart,herland,1,,server-1,55,0,0,,,
cache-off-warm100,50,2,6.2800,1199.783,50.325,1250.108,she,the-hound-of-the-baskervilles,1,,server-1,56,0,0,,,
cache-off-warm100,50,2,6.3000,1284.710,161.336,1446.046,he,the-innocents-abroad,1,,server-1,54,0,0,,,
cache-off-warm100,50,2,6.3200,1264.365,31.558,1295.923,london,cranford,1,,server-1,53,0,0,,,
cache-off-warm100,50,2,6.3400,1246.452,76.992,1323.444,of,the-adventures-of-sherlock-holmes,1,,server-1,54,0,0,,,
cache-off-warm100,50,2,6.3600,1225.918,214.540,1440.458,the,the-moonstone,1,,server-1,55,0,0,,,
cache-off-warm100,50,2,6.3800,1205.215,178.381,1383.596,love,the-secret-garden-17396,1,,server-1,55,0,0,,,
cache-off-warm100,50,2,6.4000,1186.222,162.592,1348.814,whale,the-jungle,1,,server-1,56,0,0,,,
cache-off-warm100,50,2,6.4200,1203.766,236.741,1440.507,was,the-wind-in-the-willows,1,,server-1,57,0,0,,,
cache-off-warm100,50,2,6.4400,1183.959,175.744,1359.703,you,tess-of-the-d-urbervilles-a-pure-woman,1,,server-1,58,0,0,,,
cache-off-warm100,50,2,6.4600,1289.100,129.698,1418.797,london,the-first-men-in-the-moon,1,,server-1,57,0,0,,,
cache-off-warm100,50,2,6.4800,1269.550,81.011,1350.560,horse,desert-gold,1,,server-1,58,0,0,,,
cache-off-warm100,50,2,6.5000,1332.198,82.624,1414.821,horse,far-from-the-madding-crowd,1,,server-1,59,0,0,,,
cache-off-warm100,50,2,6.5200,1355.057,98.530,1453.587,death,the-return-of-sherlock-holmes,1,,server-1,60,0,0,,,
cache-off-warm100,50,2,6.5400,1336.614,158.001,1494.615,was,the-portrait-of-a-lady-volume-1,1,,server-1,61,0,0,,,
cache-off-warm100,50,2,6.5600,1356.136,119.758,1475.893,horse,the-memoirs-of-sherlock-holmes,1,,server-1,61,0,0,,,
cache-off-warm100,50,2,6.5800,1336.019,135.534,1471.553,she,the-mysterious-affair-at-styles,1,,server-1,62,0,0,,,
cache-off-warm100,50,2,6.6000,1340.661,116.251,1456.912,you,walden-and-on-the-duty-of-civil-disobedience,1,,server-1,63,0,0,,,
cache-off-warm100,50,2,6.6200,1336.716,111.280,1447.995,london,the-great-gatsby,1,,server-1,64,0,0,,,
cache-off-warm100,50,2,6.6400,1395.824,68.233,1464.057,london,villette,1,,server-1,65,0,0,,,
cache-off-warm100,50,2,6.6600,1397.083,182.933,1580.017,sea,dracula,1,,server-1,65,0,0,,,
cache-off-warm100,50,2,6.6800,1388.284,71.857,1460.141,and,the-portrait-of-a-lady-volume-1,1,,server-1,63,0,0,,,
cache-off-warm100,50,2,6.7000,1401.444,19.524,1420.968,london,the-divine-comedy,1,,server-1,63,0,0,,,
cache-off-warm100,50,2,6.7200,1387.533,137.829,1525.362,king,the-memoirs-of-sherlock-holmes,1,,server-1,63,0,0,,,
cache-off-warm100,50,2,6.7400,1368.089,119.529,1487.618,house,around-the-world-in-eighty-days,1,,server-1,61,0,0,,,
cache-off-warm100,50,2,6.7600,1362.122,192.768,1554.890,king,around-the-world-in-eighty-days,1,,server-1,62,0,0,,,
cache-off-warm100,50,2,6.7800,1344.498,356.815,1701.313,of,the-last-of-the-mohicans-a-narrative-of-1757,1,,server-1,63,0,0,,,
cache-off-warm100,50,2,6.8000,1341.348,171.486,1512.835,night,the-jungle-book,1,,server-1,63,0,0,,,
cache-off-warm100,50,2,6.8200,1321.290,352.214,1673.504,she,washington-square,1,,server-1,64,0,0,,,
cache-off-warm100,50,2,6.8400,1321.585,300.312,1621.896,love,the-jungle,1,,server-1,59,0,0,,,
cache-off-warm100,50,2,6.8600,1399.892,185.826,1585.717,london,jane-eyre-an-autobiography,1,,server-1,60,0,0,,,
cache-off-warm100,50,2,6.8800,1376.247,222.734,1598.981,horse,persuasion,1,,server-1,60,0,0,,,
cache-off-warm100,50,2,6.9000,1358.920,115.464,1474.384,she,the-hound-of-the-baskervilles-3070,1,,server-1,61,0,0,,,
cache-off-warm100,50,2,6.9200,1409.212,187.820,1597.032,heart,the-divine-comedy,1,,server-1,62,0,0,,,
cache-off-warm100,50,2,6.9400,1446.656,127.407,1574.063,house,beyond-good-and-evil,1,,server-1,63,0,0,,,
cache-off-warm100,50,2,6.9600,1523.312,130.088,1653.400,king,white-fang,1,,server-1,64,0,0,,,
cache-off-warm100,50,2,6.9800,1514.024,87.157,1601.180,night,the-great-gatsby,1,,server-1,65,0,0,,,
cache-off-warm100,50,2,7.0000,1518.362,92.612,1610.974,she,twenty-thousand-leagues-under-the-sea,1,,server-1,65,0,0,,,
cache-off-warm100,50,2,7.0200,1474.061,89.331,1563.393,night,the-iliad-2199,1,,server-1,63,0,0,,,
cache-off-warm100,50,2,7.0400,1476.309,148.228,1624.537,death,the-kama-sutra-of-vatsyayana,1,,server-1,64,0,0,,,
cache-off-warm100,50,2,7.0600,1458.253,157.092,1615.345,night,northanger-abbey,1,,server-1,65,0,0,,,
cache-off-warm100,50,2,7.0800,1585.656,77.020,1662.676,the,the-mystery-of-edwin-drood,1,,server-1,66,0,0,,,
cache-off-warm100,50,2,7.1000,1523.391,161.122,1684.513,castle,the-song-of-the-lark,1,,server-1,64,0,0,,,
cache-off-warm100,50,2,7.1200,1511.150,124.957,1636.106,night,the-adventures-of-ferdinand-count-fathom-complete,1,,server-1,65,0,0,,,
cache-off-warm100,50,2,7.1400,1490.591,127.294,1617.885,was,frankenstein-or-the-modern-prometheus-41445,1,,server-1,66,0,0,,,
cache-off-warm100,50,2,7.1600,1521.221,121.626,1642.848,he,autobiography-of-benjamin-franklin,1,,server-1,65,0,0,,,
cache-off-warm100,50,2,7.1800,1577.551,59.145,1636.696,the,beyond-good-and-evil,1,,server-1,62,0,0,,,
cache-off-warm100,50,2,7.2000,1543.657,191.788,1735.445,heart,the-return-of-sherlock-holmes,1,,server-1,63,0,0,,,
cache-off-warm100,50,2,7.2200,1539.286,184.303,1723.589,whale,madame-bovary,1,,server-1,64,0,0,,,
cache-off-warm100,50,2,7.2400,1545.842,62.747,1608.589,horse,agnes-grey,1,,server-1,65,0,0,,,
cache-off-warm100,50,2,7.2600,1527.679,165.004,1692.684,castle,a-princess-of-mars,1,,server-1,66,0,0,,,
cache-off-warm100,50,2,7.2800,1571.248,158.890,1730.138,king,the-portrait-of-a-lady-volume-1,1,,server-1,63,0,0,,,
cache-off-warm100,50,2,7.3000,1631.121,59.498,1690.619,love,silas-marner,1,,server-1,64,0,0,,,
cache-off-warm100,50,2,7.3200,1611.306,193.907,1805.213,night,the-warden,1,,server-1,65,0,0,,,
cache-off-warm100,50,2,7.3400,1596.110,98.836,1694.946,death,silas-marner,1,,server-1,66,0,0,,,
cache-off-warm100,50,2,7.3600,1576.575,171.318,1747.892,whale,tess-of-the-d-urbervilles-a-pure-woman,1,,server-1,65,0,0,,,
cache-off-warm100,50,2,7.3800,1631.465,135.865,1767.330,castle,wuthering-heights,1,,server-1,66,0,0,,,
cache-off-warm100,50,2,7.4000,1590.570,114.595,1705.165,money,the-memoirs-of-sherlock-holmes,1,,server-1,67,0,0,,,
cache-off-warm100,50,2,7.4200,1590.344,93.115,1683.459,he,the-hound-of-the-baskervilles,1,,server-1,67,0,0,,,
cache-off-warm100,50,2,7.4400,1661.153,66.415,1727.569,the,the-last-of-the-mohicans-a-narrative-of-1757-27681,1,,server-1,65,0,0,,,
cache-off-warm100,50,2,7.4600,1685.436,54.428,1739.863,letter,jude-the-obscure,1,,server-1,66,0,0,,,
cache-off-warm100,50,2,7.4800,1689.220,81.777,1770.997,heart,memoirs-of-fanny-hill,1,,server-1,67,0,0,,,
cache-off-warm100,50,2,7.5000,1669.411,66.981,1736.391,horse,desperate-remedies,1,,server-1,67,0,0,,,
cache-off-warm100,50,2,7.5200,1650.599,101.892,1752.491,letter,pride-and-prejudice,1,,server-1,65,0,0,,,
cache-off-warm100,50,2,7.5400,1631.746,198.126,1829.872,sea,the-house-of-the-seven-gables,1,,server-1,66,0,0,,,
cache-off-warm100,50,2,7.5600,1611.328,62.999,1674.327,letter,madame-bovary,1,,server-1,66,0,0,,,
cache-off-warm100,50,2,7.5800,1692.585,55.662,1748.247,love,the-jungle-book,1,,server-1,66,0,0,,,
cache-off-warm100,50,2,7.6000,1674.284,183.814,1858.098,whale,the-mystery-of-edwin-drood,1,,server-1,66,0,0,,,
cache-off-warm100,50,2,7.6200,1654.209,44.860,1699.069,she,the-works-of-edgar-allan-poe-volume-2,1,,server-1,67,0,0,,,
cache-off-warm100,50,2,7.6400,1636.508,174.561,1811.069,death,desperate-remedies,1,,server-1,67,0,0,,,
cache-off-warm100,50,2,7.6600,1615.860,57.172,1673.031,you,white-fang,1,,server-1,68,0,0,,,
cache-off-warm100,50,2,7.6800,1595.722,139.727,1735.449,castle,hard-times,1,,server-1,68,0,0,,,
cache-off-warm100,50,2,7.7000,1579.880,404.532,1984.412,he,the-last-of-the-mohicans-a-narrative-of-1757,1,,server-1,69,0,0,,,
cache-off-warm100,50,2,7.7200,1693.992,126.525,1820.516,horse,the-king-in-yellow,1,,server-1,70,0,0,,,
cache-off-warm100,50,2,7.7400,1551.982,258.800,1810.781,and,oliver-twist,1,,server-1,71,0,0,,,
cache-off-warm100,50,2,7.7600,1573.374,278.496,1851.870,horse,the-house-of-the-seven-gables,1,,server-1,70,0,0,,,
cache-off-warm100,50,2,7.7800,1636.882,263.608,1900.490,king,agnes-grey,1,,server-1,70,0,0,,,
cache-off-warm100,50,2,7.8000,1567.493,313.712,1881.204,whale,the-war-of-the-worlds,1,,server-1,71,0,0,,,
cache-off-warm100,50,2,7.8200,1549.886,214.843,1764.729,she,the-vicomte-de-bragelonne,1,,server-1,70,0,0,,,
cache-off-warm100,50,2,7.8400,1572.532,229.569,1802.101,of,tess-of-the-d-urbervilles-a-pure-woman,1,,server-1,70,0,0,,,
cache-off-warm100,50,2,7.8600,1554.492,129.251,1683.743,london,the-iliad-2199,1,,server-1,71,0,0,,,
cache-off-warm100,50,2,7.8800,1572.259,161.269,1733.528,she,a-connecticut-yankee-in-king-arthur-s-court,1,,server-1,71,0,0,,,
cache-off-warm100,50,2,7.9000,1554.337,324.184,1878.521,the,thus-spake-zarathustra-a-book-for-all-and-none,1,,server-1,72,0,0,,,
cache-off-warm100,50,2,7.9200,1534.908,277.737,1812.646,the,the-mysterious-island,1,,server-1,71,0,0,,,
cache-off-warm100,50,2,7.9400,1645.314,143.969,1789.283,castle,the-american,1,,server-1,72,0,0,,,
cache-off-warm100,50,2,7.9600,1717.948,198.615,1916.562,london,silas-marner,1,,server-1,73,0,0,,,
cache-off-warm100,50,2,7.9800,1663.754,131.805,1795.559,money,great-expectations,1,,server-1,74,0,0,,,
cache-off-warm100,50,2,8.0000,1702.541,328.580,2031.121,love,the-age-of-innocence,1,,server-1,75,0,0,,,
cache-off-warm100,50,2,8.0200,1733.578,98.162,1831.740,castle,thus-spake-zarathustra-a-book-for-all-and-none,1,,server-1,76,0,0,,,
cache-off-warm100,50,2,8.0400,1733.266,135.429,1868.695,he,anne-of-green-gables,1,,server-1,75,0,0,,,
cache-off-warm100,50,2,8.0600,1717.038,71.746,1788.784,castle,myths-and-legends-of-ancient-greece-and-rome,1,,server-1,75,0,0,,,
cache-off-warm100,50,2,8.0800,1699.645,21.307,1720.952,castle,beyond-good-and-evil,1,,server-1,74,0,0,,,
cache-off-warm100,50,2,8.1000,1682.001,247.914,1929.915,castle,pride-and-prejudice,1,,server-1,75,0,0,,,
cache-off-warm100,50,2,8.1200,1661.823,143.946,1805.769,night,the-scarlet-letter,1,,server-1,74,0,0,,,
cache-off-warm100,50,2,8.1400,1645.122,107.118,1752.240,death,the-scarlet-letter-33,1,,server-1,74,0,0,,,
cache-off-warm100,50,2,8.1600,1699.588,86.795,1786.383,and,a-journey-to-the-centre-of-the-earth,1,,server-1,74,0,0,,,
cache-off-warm100,50,2,8.1800,1709.799,141.744,1851.543,the,jude-the-obscure,1,,server-1,75,0,0,,,
cache-off-warm100,50,2,8.2000,1723.940,250.221,1974.161,heart,the-song-of-the-lark,1,,server-1,76,0,0,,,
cache-off-warm100,50,2,8.2200,1810.818,227.908,2038.726,letter,jude-the-obscure,1,,server-1,77,0,0,,,
cache-off-warm100,50,2,8.2400,1775.289,55.683,1830.972,of,the-adventures-of-sherlock-holmes,1,,server-1,78,0,0,,,
cache-off-warm100,50,2,8.2600,1769.763,77.918,1847.681,was,the-divine-comedy,1,,server-1,76,0,0,,,
cache-off-warm100,50,2,8.2800,1751.482,135.218,1886.700,love,little-women,1,,server-1,77,0,0,,,
cache-off-warm100,50,2,8.3000,1731.917,231.044,1962.961,you,dracula,1,,server-1,78,0,0,,,
cache-off-warm100,50,2,8.3200,1752.076,102.069,1854.145,he,the-warden,1,,server-1,78,0,0,,,
cache-off-warm100,50,2,8.3400,1756.108,188.631,1944.739,sea,the-house-of-the-seven-gables,1,,server-1,78,0,0,,,
cache-off-warm100,50,2,8.3600,1748.592,156.937,1905.530,the,persuasion,1,,server-1,79,0,0,,,
cache-off-warm100,50,2,8.3800,1904.975,223.940,2128.916,love,the-portrait-of-a-lady-volume-1,1,,server-1,79,0,0,,,
cache-off-warm100,50,2,8.4000,1885.934,32.491,1918.425,love,wuthering-heights,1,,server-1,80,0,0,,,
cache-off-warm100,50,2,8.4200,1868.453,61.795,1930.248,night,the-adventures-of-sherlock-holmes,1,,server-1,81,0,0,,,
cache-off-warm100,50,2,8.4400,1846.318,162.148,2008.466,and,beyond-good-and-evil,1,,server-1,82,0,0,,,
cache-off-warm100,50,2,8.4600,1826.668,65.905,1892.573,whale,herland,1,,server-1,83,0,0,,,
cache-off-warm100,50,2,8.4800,1809.630,214.246,2023.875,castle,the-moonstone,1,,server-1,83,0,0,,,
cache-off-warm100,50,2,8.5000,1790.713,134.292,1925.005,king,the-great-gatsby,1,,server-1,81,0,0,,,
cache-off-warm100,50,2,8.5200,1794.527,138.481,1933.008,of,mansfield-park,1,,server-1,79,0,0,,,
cache-off-warm100,50,2,8.5400,1752.516,130.987,1883.504,you,wuthering-heights,1,,server-1,80,0,0,,,
cache-off-warm100,50,2,8.5600,1794.059,151.758,1945.817,of,the-house-of-mirth,1,,server-1,81,0,0,,,
cache-off-warm100,50,2,8.5800,1929.903,29.592,1959.495,she,far-from-the-madding-crowd,1,,server-1,82,0,0,,,
cache-off-warm100,50,2,8.6000,1912.352,290.070,2202.422,whale,the-wind-in-the-willows,1,,server-1,83,0,0,,,
cache-off-warm100,50,2,8.6200,1891.639,90.492,1982.131,horse,the-king-in-yellow,1,,server-1,82,0,0,,,
cache-off-warm100,50,2,8.6400,1871.974,319.004,2190.977,death,around-the-world-in-eighty-days,1,,server-1,81,0,0,,,
cache-off-warm100,50,2,8.6600,1852.291,172.287,2024.579,heart,the-return-of-sherlock-holmes,1,,server-1,82,0,0,,,
cache-off-warm100,50,2,8.6800,1831.904,75.544,1907.448,london,the-jungle-book,1,,server-1,81,0,0,,,
cache-off-warm100,50,2,8.7000,1814.158,84.525,1898.682,london,a-princess-of-mars,1,,server-1,82,0,0,,,
cache-off-warm100,50,2,8.7200,1792.917,168.363,1961.281,and,jane-eyre-an-autobiography,1,,server-1,83,0,0,,,
cache-off-warm100,50,2,8.7400,1814.002,286.367,2100.369,house,great-expectations,1,,server-1,84,0,0,,,
cache-off-warm100,50,2,8.7600,1781.236,199.984,1981.220,he,the-first-men-in-the-moon,1,,server-1,83,0,0,,,
cache-off-warm100,50,2,8.7800,1808.439,252.653,2061.092,he,adventures-of-huckleberry-finn,1,,server-1,84,0,0,,,
cache-off-warm100,50,2,8.8000,1851.590,189.432,2041.021,of,the-american,1,,server-1,85,0,0,,,
cache-off-warm100,50,2,8.8200,1830.824,179.943,2010.766,love,twenty-thousand-leagues-under-the-sea,1,,server-1,84,0,0,,,
cache-off-warm100,50,2,8.8400,2000.029,44.287,2044.316,castle,far-from-the-madding-crowd,1,,server-1,85,0,0,,,
cache-off-warm100,50,2,8.8600,1981.838,75.741,2057.579,london,the-mystery-of-edwin-drood,1,,server-1,86,0,0,,,
cache-off-warm100,50,2,8.8800,1960.959,39.314,2000.273,of,silas-marner,1,,server-1,85,0,0,,,
cache-off-warm100,50,2,8.9000,1944.587,102.855,2047.442,was,the-american,1,,server-1,86,0,0,,,
cache-off-warm100,50,2,8.9200,1925.739,69.172,1994.911,he,the-wind-in-the-willows,1,,server-1,86,0,0,,,
cache-off-warm100,50,2,8.9400,1947.549,263.314,2210.862,london,grimms-fairy-tales,1,,server-1,87,0,0,,,
cache-off-warm100,50,2,8.9600,1953.851,69.382,2023.232,she,the-innocents-abroad,1,,server-1,87,0,0,,,
cache-off-warm100,50,2,8.9800,1939.061,208.608,2147.669,castle,the-vicomte-de-bragelonne,1,,server-1,86,0,0,,,
cache-off-warm100,50,2,9.0000,1919.443,79.986,1999.429,castle,grimms-fairy-tales,1,,server-1,86,0,0,,,
cache-off-warm100,50,2,9.0200,1923.882,99.185,2023.067,london,the-american,1,,server-1,86,0,0,,,
cache-off-warm100,50,2,9.0400,1903.421,41.371,1944.792,of,the-kama-sutra-of-vatsyayana,1,,server-1,86,0,0,,,
cache-off-warm100,50,2,9.0600,1889.256,90.309,1979.565,london,the-tenant-of-wildfell-hall,1,,server-1,87,0,0,,,
cache-off-warm100,50,2,9.0800,1920.171,149.096,2069.267,castle,the-song-of-the-lark,1,,server-1,88,0,0,,,
cache-off-warm100,50,2,9.1000,1885.996,68.506,1954.502,the,dubliners,1,,server-1,89,0,0,,,
cache-off-warm100,50,2,9.1200,2029.614,118.074,2147.688,heart,white-fang,1,,server-1,90,0,0,,,
cache-off-warm100,50,2,9.1400,1882.048,160.766,2042.814,king,the-vicomte-de-bragelonne,1,,server-1,88,0,0,,,
cache-off-warm100,50,2,9.1600,1953.033,133.389,2086.422,death,the-moonstone,1,,server-1,88,0,0,,,
cache-off-warm100,50,2,9.1800,1971.331,55.081,2026.412,horse,the-last-of-the-mohicans-a-narrative-of-1757-27681,1,,server-1,87,0,0,,,
cache-off-warm100,50,2,9.2000,1983.189,274.541,2257.730,night,frankenstein-or-the-modern-prometheus-41445,1,,server-1,88,0,0,,,
cache-off-warm100,50,2,9.2200,1963.212,57.803,2021.015,and,a-princess-of-mars,1,,server-1,89,0,0,,,
cache-off-warm100,50,2,9.2400,1964.513,190.732,2155.245,letter,the-age-of-innocence,1,,server-1,89,0,0,,,
cache-off-warm100,50,2,9.2600,1943.961,80.156,2024.117,she,the-hound-of-the-baskervilles-3070,1,,server-1,88,0,0,,,
cache-off-warm100,50,2,9.2800,1968.193,84.928,2053.121,she,autobiography-of-benjamin-franklin,1,,server-1,87,0,0,,,
cache-off-warm100,50,2,9.3000,1941.528,71.296,2012.824,she,the-american,1,,server-1,88,0,0,,,
cache-off-warm100,50,2,9.3200,1928.063,144.917,2072.980,king,the-last-of-the-mohicans-a-narrative-of-1757,1,,server-1,89,0,0,,,
cache-off-warm100,50,2,9.3400,1973.247,303.405,2276.652,love,the-romance-of-lust-a-classic-victorian-erotic-novel,1,,server-1,89,0,0,,,
cache-off-warm100,50,2,9.3600,1924.886,124.368,2049.254,love,the-king-in-yellow,1,,server-1,90,0,0,,,
cache-off-warm100,50,2,9.3800,1934.845,172.220,2107.065,night,the-last-of-the-mohicans-a-narrative-of-1757-27681,1,,server-1,89,0,0,,,
cache-off-warm100,50,2,9.4000,1934.608,119.521,2054.129,and,adventures-of-huckleberry-finn,1,,server-1,90,0,0,,,
cache-off-warm100,50,2,9.4200,1970.062,69.718,2039.780,heart,the-memoirs-of-sherlock-holmes,1,,server-1,90,0,0,,,
cache-off-warm100,50,2,9.4400,1955.095,188.626,2143.721,you,the-jungle,1,,server-1,91,0,0,,,
cache-off-warm100,50,2,9.4600,1992.121,145.949,2138.070,letter,the-wind-in-the-willows,1,,server-1,90,0,0,,,
cache-off-warm100,50,2,9.4800,2007.209,164.316,2171.525,london,the-return-of-sherlock-holmes-108,1,,server-1,91,0,0,,,
cache-off-warm100,50,2,9.5000,2009.979,144.330,2154.309,the,a-tale-of-two-cities,1,,server-1,92,0,0,,,
cache-off-warm100,50,2,9.5200,2013.046,120.831,2133.877,horse,the-hound-of-the-baskervilles-3070,1,,server-1,93,0,0,,,
cache-off-warm100,50,2,9.5400,2046.757,67.849,2114.606,and,desert-gold,1,,server-1,93,0,0,,,
cache-off-warm100,50,2,9.5600,2033.653,110.903,2144.557,letter,the-vicomte-de-bragelonne,1,,server-1,93,0,0,,,
cache-off-warm100,50,2,9.5800,2017.724,108.611,2126.335,of,the-iliad-2199,1,,server-1,94,0,0,,,
cache-off-warm100,50,2,9.6000,2051.972,89.559,2141.532,the,twenty-thousand-leagues-under-the-sea,1,,server-1,95,0,0,,,
cache-off-warm100,50,2,9.6200,2035.311,110.499,2145.810,of,the-hound-of-the-baskervilles-3070,1,,server-1,95,0,0,,,
cache-off-warm100,50,2,9.6400,2017.330,64.738,2082.068,and,a-princess-of-mars,1,,server-1,96,0,0,,,
cache-off-warm100,50,2,9.6600,2022.019,75.103,2097.122,and,persuasion,1,,server-1,93,0,0,,,
cache-off-warm100,50,2,9.6800,2028.829,67.467,2096.296,heart,the-war-of-the-worlds,1,,server-1,94,0,0,,,
cache-off-warm100,50,2,9.7000,2020.207,88.607,2108.814,whale,walden-and-on-the-duty-of-civil-disobedience,1,,server-1,93,0,0,,,
cache-off-warm100,50,2,9.7200,2036.950,74.956,2111.906,the,the-lost-world,1,,server-1,94,0,0,,,
cache-off-warm100,50,2,9.7400,2028.674,118.338,2147.012,horse,the-age-of-innocence,1,,server-1,93,0,0,,,
cache-off-warm100,50,2,9.7600,2017.949,137.469,2155.418,money,the-iliad-2199,1,,server-1,94,0,0,,,
cache-off-warm100,50,2,9.7800,2025.179,169.333,2194.512,and,the-prince,1,,server-1,92,0,0,,,
cache-off-warm100,50,2,9.8000,2005.374,247.505,2252.879,love,the-hound-of-the-baskervilles-3070,1,,server-1,92,0,0,,,
cache-off-warm100,50,2,9.8200,1989.480,140.509,2129.988,love,leaves-of-grass,1,,server-1,93,0,0,,,
cache-off-warm100,50,2,9.8400,1996.683,135.987,2132.670,love,a-tale-of-two-cities,1,,server-1,94,0,0,,,
cache-off-warm100,50,2,9.8600,1977.774,206.586,2184.360,you,the-adventures-of-ferdinand-count-fathom-complete,1,,server-1,95,0,0,,,
cache-off-warm100,50,2,9.8800,2089.806,132.856,2222.662,was,grimms-fairy-tales,1,,server-1,93,0,0,,,
cache-off-warm100,50,2,9.9000,2039.064,163.283,2202.347,you,silas-marner,1,,server-1,94,0,0,,,
cache-off-warm100,50,2,9.9200,2055.373,92.622,2147.996,and,the-adventures-of-ferdinand-count-fathom-complete,1,,server-1,92,0,0,,,
cache-off-warm100,50,2,9.9400,2071.460,115.236,2186.696,house,frankenstein-or-the-modern-prometheus-41445,1,,server-1,92,0,0,,,
cache-off-warm100,50,2,9.9600,2164.172,42.548,2206.720,house,the-wind-in-the-willows,1,,server-1,92,0,0,,,
cache-off-warm100,50,2,9.9800,2147.760,63.264,2211.024,sea,his-last-bow,1,,server-1,93,0,0,,,
cache-off-warm100,50,2,10.0000,2130.546,75.163,2205.710,house,washington-square,1,,server-1,94,0,0,,,
cache-off-warm100,50,2,10.0200,2115.035,89.012,2204.047,king,a-journey-to-the-centre-of-the-earth,1,,server-1,95,0,0,,,
cache-off-warm100,50,2,10.0400,2100.787,97.764,2198.552,you,hard-times,1,,server-1,93,0,0,,,
cache-off-warm100,50,2,10.0600,2124.388,108.576,2232.964,house,northanger-abbey,1,,server-1,94,0,0,,,
cache-off-warm100,50,2,10.0800,2125.684,58.496,2184.181,she,pride-and-prejudice,1,,server-1,94,0,0,,,
cache-off-warm100,50,2,10.1000,2125.608,65.891,2191.499,was,the-works-of-edgar-allan-poe-volume-2,1,,server-1,95,0,0,,,
cache-off-warm100,50,2,10.1200,2116.822,96.814,2213.636,you,the-odyssey,1,,server-1,95,0,0,,,
cache-off-warm100,50,2,10.1400,2120.289,95.482,2215.771,night,the-return-of-sherlock-holmes,1,,server-1,96,0,0,,,
cache-off-warm100,50,2,10.1600,2174.387,32.085,2206.472,of,the-great-gatsby,1,,server-1,97,0,0,,,
cache-off-warm100,50,2,10.1800,2154.593,96.127,2250.721,of,the-jungle,1,,server-1,97,0,0,,,
cache-off-warm100,50,2,10.2000,2135.907,160.526,2296.433,death,north-and-south,1,,server-1,97,0,0,,,
cache-off-warm100,50,2,10.2200,2117.381,222.215,2339.595,the,around-the-world-in-eighty-days,1,,server-1,98,0,0,,,
cache-off-warm100,50,2,10.2400,2096.272,330.531,2426.803,money,the-last-of-the-mohicans-a-narrative-of-1757-27681,1,,server-1,99,0,0,,,
cache-off-warm100,50,2,10.2600,2110.866,268.151,2379.016,money,the-scarlet-letter,1,,server-1,100,0,0,,,
cache-off-warm100,50,2,10.2800,2087.529,121.672,2209.200,house,the-return-of-sherlock-holmes-108,1,,server-1,99,0,0,,,
cache-off-warm100,50,2,10.3000,2067.060,126.519,2193.580,london,leaves-of-grass,1,,server-1,97,0,0,,,
cache-off-warm100,50,2,10.3200,2049.317,192.583,2241.900,and,the-kama-sutra-of-vatsyayana,1,,server-1,98,0,0,,,
cache-off-warm100,50,2,10.3400,2030.425,310.425,2340.850,death,the-innocents-abroad,1,,server-1,99,0,0,,,
cache-off-warm100,50,2,10.3600,2018.299,172.591,2190.889,was,the-last-of-the-mohicans-a-narrative-of-1757,1,,server-1,99,0,0,,,
cache-off-warm100,50,2,10.3800,2114.649,140.507,2255.156,the,the-vicomte-de-bragelonne,1,,server-1,100,0,0,,,
cache-off-warm100,50,2,10.4000,2101.156,181.649,2282.805,house,the-king-in-yellow,1,,server-1,99,0,0,,,
cache-off-warm100,50,2,10.4200,2100.175,193.891,2294.066,heart,sense-and-sensibility,1,,server-1,100,0,0,,,
cache-off-warm100,50,2,10.4400,2194.604,168.614,2363.218,king,north-and-south,1,,server-1,101,0,0,,,
cache-off-warm100,50,2,10.4600,2206.357,86.951,2293.308,sea,madame-bovary,1,,server-1,102,0,0,,,
cache-off-warm100,50,2,10.4800,2235.864,148.441,2384.306,london,a-princess-of-mars,1,,server-1,103,0,0,,,
cache-off-warm100,50,2,10.5000,2215.990,38.901,2254.892,death,autobiography-of-benjamin-franklin,1,,server-1,103,0,0,,,
cache-off-warm100,50,2,10.5200,2197.282,55.236,2252.518,house,the-return-of-sherlock-holmes-108,1,,server-1,98,0,0,,,
cache-off-warm100,50,2,10.5400,2197.327,96.399,2293.726,sea,a-tale-of-two-cities,1,,server-1,99,0,0,,,
cache-off-warm100,50,2,10.5600,2190.591,95.790,2286.381,london,persuasion,1,,server-1,99,0,0,,,
cache-off-warm100,50,2,10.5800,2223.513,157.669,2381.182,the,the-war-of-the-worlds,1,,server-1,100,0,0,,,
cache-off-warm100,50,2,10.6000,2230.737,125.028,2355.765,king,the-portrait-of-a-lady-volume-1,1,,server-1,101,0,0,,,
cache-off-warm100,50,2,10.6200,2183.843,289.442,2473.285,castle,dubliners,1,,server-1,101,0,0,,,
cache-off-warm100,50,2,10.6400,2202.827,115.763,2318.590,night,the-secret-garden,1,,server-1,102,0,0,,,
cache-off-warm100,50,2,10.6600,2182.330,94.644,2276.974,and,autobiography-of-benjamin-franklin,1,,server-1,102,0,0,,,
cache-off-warm100,50,2,10.6800,2167.062,180.747,2347.808,house,the-jungle-book,1,,server-1,103,0,0,,,
cache-off-warm100,50,2,10.7000,2148.866,340.636,2489.502,king,the-song-of-the-lark,1,,server-1,103,0,0,,,
cache-off-warm100,50,2,10.7200,2147.023,229.844,2376.867,love,emma,1,,server-1,104,0,0,,,
cache-off-warm100,50,2,10.7400,2151.190,188.184,2339.374,letter,the-house-of-mirth,1,,server-1,104,0,0,,,
cache-off-warm100,50,2,10.7600,2192.103,181.519,2373.622,money,oliver-twist,1,,server-1,103,0,0,,,
cache-off-warm100,50,2,10.7800,2196.009,182.443,2378.452,you,tess-of-the-d-urbervilles-a-pure-woman,1,,server-1,104,0,0,,,
cache-off-warm100,50,2,10.8000,2298.008,169.167,2467.175,night,the-jungle,1,,server-1,105,0,0,,,
cache-off-warm100,50,2,10.8200,2279.820,116.481,2396.301,whale,the-adventures-of-ferdinand-count-fathom-complete,1,,server-1,106,0,0,,,
cache-off-warm100,50,2,10.8400,2318.284,72.806,2391.090,money,grimms-fairy-tales,1,,server-1,105,0,0,,,
cache-off-warm100,50,2,10.8600,2330.488,135.674,2466.163,night,the-house-of-mirth,1,,server-1,102,0,0,,,
cache-off-warm100,50,2,10.8800,2353.073,185.059,2538.131,heart,sense-and-sensibility,1,,server-1,103,0,0,,,
cache-off-warm100,50,2,10.9000,2313.455,66.253,2379.708,the,myths-and-legends-of-ancient-greece-and-rome,1,,server-1,102,0,0,,,
cache-off-warm100,50,2,10.9200,2400.739,121.726,2522.465,she,a-journey-to-the-centre-of-the-earth,1,,server-1,101,0,0,,,
cache-off-warm100,50,2,10.9400,2349.143,61.861,2411.004,he,the-adventures-of-sherlock-holmes,1,,server-1,102,0,0,,,
cache-off-warm100,50,2,10.9600,2320.139,133.015,2453.154,love,washington-square,1,,server-1,103,0,0,,,
cache-off-warm100,50,2,10.9800,2341.167,57.432,2398.599,she,the-great-gatsby,1,,server-1,104,0,0,,,
cache-off-warm100,50,2,11.0000,2419.318,98.313,2517.630,money,herland,1,,server-1,105,0,0,,,
cache-off-warm100,50,2,11.0200,2393.360,180.669,2574.029,king,autobiography-of-benjamin-franklin,1,,server-1,103,0,0,,,
cache-off-warm100,50,2,11.0400,2409.795,141.856,2551.651,and,the-adventures-of-ferdinand-count-fathom-complete,1,,server-1,103,0,0,,,
cache-off-warm100,50,2,11.0600,2381.981,170.414,2552.395,london,silas-marner,1,,server-1,103,0,0,,,
cache-off-warm100,50,2,11.0800,2363.507,44.851,2408.358,night,the-mysterious-affair-at-styles,1,,server-1,104,0,0,,,
cache-off-warm100,50,2,11.1000,2359.587,156.076,2515.663,he,the-iliad-2199,1,,server-1,105,0,0,,,
cache-off-warm100,50,2,11.1200,2394.004,167.327,2561.331,night,the-mystery-of-edwin-drood,1,,server-1,106,0,0,,,
cache-off-warm100,50,2,11.1400,2452.805,92.900,2545.705,of,the-last-of-the-mohicans-a-narrative-of-1757-27681,1,,server-1,105,0,0,,,
cache-off-warm100,50,2,11.1600,2434.535,150.883,2585.417,castle,a-journey-to-the-centre-of-the-earth,1,,server-1,104,0,0,,,
cache-off-warm100,50,2,11.1800,2436.447,72.880,2509.327,the,the-house-of-the-seven-gables,1,,server-1,104,0,0,,,
cache-off-warm100,50,2,11.2000,2416.212,113.949,2530.161,whale,far-from-the-madding-crowd,1,,server-1,104,0,0,,,
cache-off-warm100,50,2,11.2200,2398.844,189.706,2588.551,you,the-last-of-the-mohicans-a-narrative-of-1757-27681,1,,server-1,105,0,0,,,
cache-off-warm100,50,2,11.2400,2486.057,44.983,2531.040,house,the-last-of-the-mohicans-a-narrative-of-1757-27681,1,,server-1,106,0,0,,,
cache-off-warm100,50,2,11.2600,2442.417,72.973,2515.390,whale,the-secret-garden-17396,1,,server-1,105,0,0,,,
cache-off-warm100,50,2,11.2800,2450.153,60.020,2510.173,castle,northanger-abbey,1,,server-1,105,0,0,,,
cache-off-warm100,50,2,11.3000,2430.728,90.683,2521.411,death,silas-marner,1,,server-1,106,0,0,,,
cache-off-warm100,50,2,11.3200,2410.926,140.775,2551.701,london,frankenstein-or-the-modern-prometheus-41445,1,,server-1,105,0,0,,,
cache-off-warm100,50,2,11.3400,2448.136,60.201,2508.337,horse,the-secret-adversary,1,,server-1,104,0,0,,,
cache-off-warm100,50,2,11.3600,2431.328,106.100,2537.428,she,myths-and-legends-of-ancient-greece-and-rome,1,,server-1,105,0,0,,,
cache-off-warm100,50,2,11.3800,2412.123,201.987,2614.110,of,the-adventures-of-tom-sawyer-complete,1,,server-1,106,0,0,,,
cache-off-warm100,50,2,11.4000,2392.007,156.083,2548.090,heart,the-american,1,,server-1,107,0,0,,,
cache-off-warm100,50,2,11.4200,2397.342,102.668,2500.010,money,dracula,1,,server-1,107,0,0,,,
cache-off-warm100,50,2,11.4400,2457.784,69.032,2526.816,of,the-first-men-in-the-moon,1,,server-1,108,0,0,,,
cache-off-warm100,50,2,11.4600,2489.916,74.078,2563.994,whale,herland,1,,server-1,108,0,0,,,
cache-off-warm100,50,2,11.4800,2487.192,100.645,2587.837,london,the-last-of-the-mohicans-a-narrative-of-1757,1,,server-1,108,0,0,,,
cache-off-warm100,50,2,11.5000,2497.620,80.951,2578.572,money,white-fang,1,,server-1,107,0,0,,,
cache-off-warm100,50,2,11.5200,2502.073,85.152,2587.225,sea,the-house-of-mirth,1,,server-1,106,0,0,,,
cache-off-warm100,50,2,11.5400,2541.244,52.656,2593.899,horse,persuasion,1,,server-1,107,0,0,,,
cache-off-warm100,50,2,11.5600,2521.605,112.214,2633.819,castle,far-from-the-madding-crowd,1,,server-1,108,0,0,,,
cache-off-warm100,50,2,11.5800,2525.261,162.188,2687.449,love,the-song-of-the-lark,1,,server-1,109,0,0,,,
cache-off-warm100,50,2,11.6000,2550.347,214.753,2765.100,london,hard-times,1,,server-1,109,0,0,,,
cache-off-warm100,50,2,11.6200,2488.799,155.805,2644.604,house,the-mysterious-affair-at-styles,1,,server-1,110,0,0,,,
cache-off-warm100,50,2,11.6400,2470.026,102.583,2572.608,sea,the-lost-world,1,,server-1,111,0,0,,,
cache-off-warm100,50,2,11.6600,2476.879,148.468,2625.347,of,hard-times,1,,server-1,107,0,0,,,
cache-off-warm100,50,2,11.6800,2601.417,54.317,2655.734,letter,a-princess-of-mars,1,,server-1,108,0,0,,,
cache-off-warm100,50,2,11.7000,2494.606,88.003,2582.609,you,the-first-men-in-the-moon,1,,server-1,108,0,0,,,
cache-off-warm100,50,2,11.7200,2487.256,108.093,2595.349,death,the-hound-of-the-baskervilles,1,,server-1,107,0,0,,,
cache-off-warm100,50,2,11.7400,2516.488,49.681,2566.169,love,the-warden,1,,server-1,108,0,0,,,
cache-off-warm100,50,2,11.7600,2527.094,173.708,2700.802,of,cranford,1,,server-1,108,0,0,,,
cache-off-warm100,50,2,11.7800,2505.997,82.788,2588.785,london,the-jungle-book,1,,server-1,105,0,0,,,
cache-off-warm100,50,2,11.8000,2506.110,152.363,2658.473,king,a-tale-of-two-cities,1,,server-1,106,0,0,,,
cache-off-warm100,50,2,11.8200,2513.937,102.808,2616.745,money,the-lost-world,1,,server-1,106,0,0,,,
cache-off-warm100,50,2,11.8400,2531.281,105.526,2636.807,the,black-beauty,1,,server-1,107,0,0,,,
cache-off-warm100,50,2,11.8600,2513.367,152.565,2665.932,heart,the-moonstone,1,,server-1,108,0,0,,,
cache-off-warm100,50,2,11.8800,2578.413,89.861,2668.274,of,treasure-island,1,,server-1,109,0,0,,,
cache-off-warm100,50,2,11.9000,2576.397,122.708,2699.105,he,the-secret-garden,1,,server-1,109,0,0,,,
cache-off-warm100,50,2,11.9200,2557.272,124.208,2681.480,letter,the-song-of-the-lark,1,,server-1,109,0,0,,,
cache-off-warm100,50,2,11.9400,2586.782,161.303,2748.084,house,walden-and-on-the-duty-of-civil-disobedience,1,,server-1,110,0,0,,,
cache-off-warm100,50,2,11.9600,2567.650,111.652,2679.302,the,the-wind-in-the-willows,1,,server-1,111,0,0,,,
cache-off-warm100,50,2,11.9800,2624.809,172.557,2797.365,love,the-romance-of-lust-a-classic-victorian-erotic-novel,1,,server-1,108,0,0,,,
cache-off-warm100,50,2,12.0000,2550.539,90.866,2641.405,and,the-war-of-the-worlds,1,,server-1,109,0,0,,,
cache-off-warm100,50,2,12.0200,2584.834,81.719,2666.553,death,the-hound-of-the-baskervilles-3070,1,,server-1,110,0,0,,,
cache-off-warm100,50,2,12.0400,2566.078,119.260,2685.338,of,a-tale-of-two-cities,1,,server-1,111,0,0,,,
cache-off-warm100,50,2,12.0600,2545.427,141.417,2686.844,sea,the-american,1,,server-1,112,0,0,,,
cache-off-warm100,50,2,12.0800,2556.584,90.942,2647.526,castle,a-tale-of-two-cities,1,,server-1,112,0,0,,,
cache-off-warm100,50,2,12.1000,2648.444,110.567,2759.011,house,the-moonstone,1,,server-1,112,0,0,,,
cache-off-warm100,50,2,12.1200,2627.871,73.221,2701.092,was,the-last-of-the-mohicans-a-narrative-of-1757-27681,1,,server-1,111,0,0,,,
cache-off-warm100,50,2,12.1400,2607.868,307.436,2915.304,london,the-return-of-sherlock-holmes-108,1,,server-1,110,0,0,,,
cache-off-warm100,50,2,12.1600,2588.345,129.247,2717.591,the,the-adventures-of-tom-sawyer-complete,1,,server-1,111,0,0,,,
cache-off-warm100,50,2,12.1800,2568.757,104.708,2673.465,you,wuthering-heights,1,,server-1,112,0,0,,,
cache-off-warm100,50,2,12.2000,2550.563,306.899,2857.463,horse,herland,1,,server-1,113,0,0,,,
cache-off-warm100,50,2,12.2200,2530.002,164.417,2694.419,horse,tess-of-the-d-urbervilles-a-pure-woman,1,,server-1,111,0,0,,,
cache-off-warm100,50,2,12.2400,2598.122,181.835,2779.956,of,the-adventures-of-tom-sawyer-complete,1,,server-1,111,0,0,,,
cache-off-warm100,50,2,12.2600,2534.597,205.356,2739.953,the,the-first-men-in-the-moon,1,,server-1,111,0,0,,,
cache-off-warm100,50,2,12.2800,2600.856,117.343,2718.199,horse,leaves-of-grass,1,,server-1,112,0,0,,,
cache-off-warm100,50,2,12.3000,2618.079,174.860,2792.939,of,memoirs-of-fanny-hill,1,,server-1,110,0,0,,,
cache-off-warm100,50,2,12.3200,2561.033,111.770,2672.803,sea,the-romance-of-lust-a-classic-victorian-erotic-novel,1,,server-1,111,0,0,,,
cache-off-warm100,50,2,12.3400,2552.487,171.531,2724.018,heart,the-tenant-of-wildfell-hall,1,,server-1,111,0,0,,,
cache-off-warm100,50,2,12.3600,2563.525,227.156,2790.682,horse,desert-gold,1,,server-1,112,0,0,,,
cache-off-warm100,50,2,12.3800,2619.289,153.346,2772.634,money,jude-the-obscure,1,,server-1,111,0,0,,,
cache-off-warm100,50,2,12.4000,2655.470,73.288,2728.758,whale,the-american,1,,server-1,112,0,0,,,
cache-off-warm100,50,2,12.4200,2644.379,106.371,2750.751,she,the-secret-adversary,1,,server-1,113,0,0,,,
cache-off-warm100,50,2,12.4400,2652.525,140.566,2793.091,death,the-song-of-the-lark,1,,server-1,114,0,0,,,
cache-off-warm100,50,2,12.4600,2657.209,95.940,2753.149,you,desperate-remedies,1,,server-1,115,0,0,,,
cache-off-warm100,50,2,12.4800,2692.474,196.804,2889.278,london,memoirs-of-fanny-hill,1,,server-1,116,0,0,,,
cache-off-warm100,50,2,12.5000,2713.582,40.116,2753.698,and,the-scarlet-letter-33,1,,server-1,115,0,0,,,
cache-off-warm100,50,2,12.5200,2693.109,85.457,2778.567,the,the-picture-of-dorian-gray,1,,server-1,114,0,0,,,
cache-off-warm100,50,2,12.5400,2693.487,51.170,2744.657,letter,the-mysterious-island,1,,server-1,115,0,0,,,
cache-off-warm100,50,2,12.5600,2673.991,98.022,2772.013,death,the-hound-of-the-baskervilles,1,,server-1,116,0,0,,,
cache-off-warm100,50,2,12.5800,2656.914,77.488,2734.403,love,the-adventures-of-sherlock-holmes,1,,server-1,117,0,0,,,
cache-off-warm100,50,2,12.6000,2638.407,362.381,3000.788,love,the-secret-garden,1,,server-1,118,0,0,,,
cache-off-warm100,50,2,12.6200,2710.340,57.652,2767.991,money,the-king-in-yellow,1,,server-1,119,0,0,,,
cache-off-warm100,50,2,12.6400,2726.628,56.710,2783.338,he,the-war-of-the-worlds,1,,server-1,117,0,0,,,
cache-off-warm100,50,2,12.6600,2730.859,79.582,2810.441,of,frankenstein-or-the-modern-prometheus,1,,server-1,118,0,0,,,
cache-off-warm100,50,2,12.6800,2710.443,269.646,2980.088,death,memoirs-of-fanny-hill,1,,server-1,118,0,0,,,
cache-off-warm100,50,2,12.7000,2691.302,143.114,2834.416,letter,mary-barton,1,,server-1,117,0,0,,,
cache-off-warm100,50,2,12.7200,2670.361,141.523,2811.884,of,adventures-of-huckleberry-finn,1,,server-1,115,0,0,,,
cache-off-warm100,50,2,12.7400,2655.856,263.238,2919.094,whale,desperate-remedies,1,,server-1,116,0,0,,,
cache-off-warm100,50,2,12.7600,2631.172,238.786,2869.957,death,mary-barton,1,,server-1,117,0,0,,,
cache-off-warm100,50,2,12.7800,2614.855,83.400,2698.255,and,jane-eyre-an-autobiography,1,,server-1,115,0,0,,,
cache-off-warm100,50,2,12.8000,2731.610,187.569,2919.179,death,jude-the-obscure,1,,server-1,116,0,0,,,
cache-off-warm100,50,2,12.8200,2648.169,144.904,2793.073,you,the-king-in-yellow,1,,server-1,117,0,0,,,
cache-off-warm100,50,2,12.8400,2715.180,191.016,2906.196,horse,the-scarlet-letter,1,,server-1,118,0,0,,,
cache-off-warm100,50,2,12.8600,2752.455,111.670,2864.125,death,the-hound-of-the-baskervilles-3070,1,,server-1,117,0,0,,,
cache-off-warm100,50,2,12.8800,2748.521,94.054,2842.575,was,the-moonstone,1,,server-1,116,0,0,,,
cache-off-warm100,50,2,12.9000,2738.015,154.770,2892.785,london,villette,1,,server-1,117,0,0,,,
cache-off-warm100,50,2,12.9200,2739.648,237.177,2976.825,and,the-iliad,1,,server-1,118,0,0,,,
cache-off-warm100,50,2,12.9400,2786.218,120.667,2906.885,he,villette,1,,server-1,119,0,0,,,
cache-off-warm100,50,2,12.9600,2766.638,116.412,2883.050,was,the-memoirs-of-sherlock-holmes,1,,server-1,120,0,0,,,
cache-off-warm100,50,2,12.9800,2746.740,124.424,2871.163,sea,hard-times,1,,server-1,118,0,0,,,
cache-off-warm100,50,2,13.0000,2742.414,173.521,2915.935,she,cranford,1,,server-1,118,0,0,,,
cache-off-warm100,50,2,13.0200,2767.636,161.502,2929.138,heart,little-women,1,,server-1,119,0,0,,,
cache-off-warm100,50,2,13.0400,2875.851,183.668,3059.519,king,the-jungle,1,,server-1,120,0,0,,,
cache-off-warm100,50,2,13.0600,2833.244,116.024,2949.268,money,mary-barton,1,,server-1,121,0,0,,,
cache-off-warm100,50,2,13.0800,2837.563,55.789,2893.351,letter,sense-and-sensibility,1,,server-1,121,0,0,,,
cache-off-warm100,50,2,13.1000,2974.476,222.167,3196.644,whale,little-women,1,,server-1,121,0,0,,,
cache-off-warm100,50,2,13.1200,2798.846,124.958,2923.804,night,anne-of-green-gables,1,,server-1,122,0,0,,,
cache-off-warm100,50,2,13.1400,2809.914,147.167,2957.081,she,far-from-the-madding-crowd,1,,server-1,120,0,0,,,
cache-off-warm100,50,2,13.1600,2815.192,100.725,2915.917,house,the-first-men-in-the-moon,1,,server-1,121,0,0,,,
cache-off-warm100,50,2,13.1800,2829.755,212.674,3042.429,king,kidnapped,1,,server-1,122,0,0,,,
cache-off-warm100,50,2,13.2000,2876.355,99.390,2975.745,night,desert-gold,1,,server-1,121,0,0,,,
cache-off-warm100,50,2,13.2200,2824.858,145.369,2970.227,whale,hard-times,1,,server-1,122,0,0,,,
cache-off-warm100,50,2,13.2400,2836.832,132.027,2968.860,house,far-from-the-madding-crowd,1,,server-1,122,0,0,,,
cache-off-warm100,50,2,13.2600,2816.118,99.467,2915.585,death,oliver-twist,1,,server-1,123,0,0,,,
cache-off-warm100,50,2,13.2800,2817.175,313.942,3131.117,night,the-house-of-mirth,1,,server-1,122,0,0,,,
cache-off-warm100,50,2,13.3000,2802.891,218.024,3020.914,whale,the-romance-of-lust-a-classic-victorian-erotic-novel,1,,server-1,122,0,0,,,
cache-off-warm100,50,2,13.3200,2903.055,313.754,3216.809,and,the-mysterious-affair-at-styles,1,,server-1,123,0,0,,,
cache-off-warm100,50,2,13.3400,2850.319,139.624,2989.943,house,the-memoirs-of-sherlock-holmes,1,,server-1,124,0,0,,,
cache-off-warm100,50,2,13.3600,2849.096,125.156,2974.252,love,his-last-bow,1,,server-1,124,0,0,,,
cache-off-warm100,50,2,13.3800,2850.680,249.121,3099.801,he,the-scarlet-letter-33,1,,server-1,124,0,0,,,
cache-off-warm100,50,2,13.4000,2831.407,233.685,3065.092,whale,thus-spake-zarathustra-a-book-for-all-and-none,1,,server-1,125,0,0,,,
cache-off-warm100,50,2,13.4200,2915.677,314.533,3230.210,whale,a-tale-of-two-cities,1,,server-1,124,0,0,,,
cache-off-warm100,50,2,13.4400,2858.035,206.979,3065.014,night,tess-of-the-d-urbervilles-a-pure-woman,1,,server-1,125,0,0,,,
cache-off-warm100,50,2,13.4600,2837.398,122.847,2960.244,horse,kidnapped,1,,server-1,124,0,0,,,
cache-off-warm100,50,2,13.4800,2823.794,224.839,3048.633,letter,little-women,1,,server-1,125,0,0,,,
cache-off-warm100,50,2,13.5000,2919.562,398.725,3318.286,whale,the-scarlet-letter,1,,server-1,126,0,0,,,
cache-off-warm100,50,2,13.5200,2898.643,231.482,3130.125,was,leaves-of-grass,1,,server-1,127,0,0,,,
cache-off-warm100,50,2,13.5400,2937.920,131.427,3069.347,night,the-american,1,,server-1,128,0,0,,,
cache-off-warm100,50,2,13.5600,2978.902,277.808,3256.710,money,dracula,1,,server-1,129,0,0,,,
cache-off-warm100,50,2,13.5800,2945.565,261.339,3206.904,death,the-king-in-yellow,1,,server-1,130,0,0,,,
cache-off-warm100,50,2,13.6000,2960.265,231.303,3191.568,letter,the-adventures-of-tom-sawyer-complete,1,,server-1,127,0,0,,,
cache-off-warm100,50,2,13.6200,2918.906,278.241,3197.146,death,the-vicomte-de-bragelonne,1,,server-1,126,0,0,,,
cache-off-warm100,50,2,13.6400,2920.488,258.591,3179.079,sea,the-scarlet-letter,1,,server-1,127,0,0,,,
cache-off-warm100,50,2,13.6600,2903.994,251.253,3155.248,castle,thus-spake-zarathustra-a-book-for-all-and-none,1,,server-1,128,0,0,,,
cache-off-warm100,50,2,13.6800,2883.713,223.645,3107.358,love,the-iliad-2199,1,,server-1,129,0,0,,,
cache-off-warm100,50,2,13.7000,3065.612,217.340,3282.952,money,adventures-of-huckleberry-finn,1,,server-1,129,0,0,,,
cache-off-warm100,50,2,13.7200,3065.001,94.149,3159.150,heart,the-wind-in-the-willows,1,,server-1,130,0,0,,,
cache-off-warm100,50,2,13.7400,3048.538,92.312,3140.850,was,frankenstein-or-the-modern-prometheus-41445,1,,server-1,129,0,0,,,
cache-off-warm100,50,2,13.7600,3031.167,140.868,3172.035,sea,emma,1,,server-1,130,0,0,,,
cache-off-warm100,50,2,13.7800,3035.231,168.325,3203.555,night,grimms-fairy-tales,1,,server-1,127,0,0,,,
cache-off-warm100,50,2,13.8000,3016.649,167.942,3184.591,castle,north-and-south,1,,server-1,127,0,0,,,
cache-off-warm100,50,2,13.8200,2996.498,162.731,3159.228,castle,far-from-the-madding-crowd,1,,server-1,128,0,0,,,
cache-off-warm100,50,2,13.8400,3139.212,68.766,3207.978,was,agnes-grey,1,,server-1,128,0,0,,,
cache-off-warm100,50,2,13.8600,3122.619,67.653,3190.272,was,mansfield-park,1,,server-1,128,0,0,,,
cache-off-warm100,50,2,13.8800,3102.765,138.899,3241.664,and,walden-and-on-the-duty-of-civil-disobedience,1,,server-1,127,0,0,,,
cache-off-warm100,50,2,13.9000,3085.757,74.548,3160.305,love,frankenstein-or-the-modern-prometheus-41445,1,,server-1,128,0,0,,,
cache-off-warm100,50,2,13.9200,3065.164,157.716,3222.880,letter,mansfield-park,1,,server-1,128,0,0,,,
cache-off-warm100,50,2,13.9400,3045.206,91.979,3137.184,heart,the-wind-in-the-willows,1,,server-1,129,0,0,,,
cache-off-warm100,50,2,13.9600,3027.184,197.078,3224.262,castle,the-return-of-sherlock-holmes,1,,server-1,128,0,0,,,
cache-off-warm100,50,2,13.9800,3080.293,169.370,3249.663,money,little-women,1,,server-1,129,0,0,,,
cache-off-warm100,50,2,14.0000,3060.340,121.746,3182.086,love,the-iliad-2199,1,,server-1,128,0,0,,,
cache-off-warm100,50,2,14.0200,3042.049,211.411,3253.460,whale,the-adventures-of-sherlock-holmes,1,,server-1,129,0,0,,,
cache-off-warm100,50,2,14.0400,3047.818,187.922,3235.740,heart,around-the-world-in-eighty-days,1,,server-1,130,0,0,,,
cache-off-warm100,50,2,14.0600,3020.060,194.322,3214.382,king,a-journey-to-the-centre-of-the-earth,1,,server-1,131,0,0,,,
cache-off-warm100,50,2,14.0800,2999.668,146.535,3146.203,money,the-mystery-of-edwin-drood,1,,server-1,131,0,0,,,
cache-off-warm100,50,2,14.1000,3102.995,159.353,3262.348,horse,the-house-of-the-seven-gables,1,,server-1,130,0,0,,,
cache-off-warm100,50,2,14.1200,3154.026,82.390,3236.416,was,the-scarlet-letter-33,1,,server-1,131,0,0,,,
cache-off-warm100,50,2,14.1400,3121.015,99.392,3220.407,of,the-romance-of-lust-a-classic-victorian-erotic-novel,1,,server-1,131,0,0,,,
cache-off-warm100,50,2,14.1600,3124.555,157.421,3281.976,she,the-adventures-of-sherlock-holmes,1,,server-1,132,0,0,,,
cache-off-warm100,50,2,14.1800,3176.705,27.633,3204.338,letter,persuasion,1,,server-1,133,0,0,,,
cache-off-warm100,50,2,14.2000,3165.417,91.258,3256.675,he,around-the-world-in-eighty-days,1,,server-1,134,0,0,,,
cache-off-warm100,50,2,14.2200,3145.069,79.115,3224.184,was,a-connecticut-yankee-in-king-arthur-s-court,1,,server-1,135,0,0,,,
cache-off-warm100,50,2,14.2400,3144.815,144.459,3289.273,death,wuthering-heights,1,,server-1,136,0,0,,,
cache-off-warm100,50,2,14.2600,3186.786,71.762,3258.548,love,the-hound-of-the-baskervilles-3070,1,,server-1,137,0,0,,,
cache-off-warm100,50,2,14.2800,3178.225,62.460,3240.685,you,silas-marner,1,,server-1,134,0,0,,,
cache-off-warm100,50,2,14.3000,3156.823,198.800,3355.623,whale,dracula,1,,server-1,134,0,0,,,
cache-off-warm100,50,2,14.3200,3138.365,64.142,3202.507,he,the-portrait-of-a-lady-volume-1,1,,server-1,133,0,0,,,
cache-off-warm100,50,2,14.3400,3120.207,132.928,3253.135,horse,sense-and-sensibility,1,,server-1,132,0,0,,,
cache-off-warm100,50,2,14.3600,3101.015,208.727,3309.741,money,dubliners,1,,server-1,133,0,0,,,
cache-off-warm100,50,2,14.3800,3082.112,87.912,3170.024,death,a-journey-to-the-centre-of-the-earth,1,,server-1,131,0,0,,,
cache-off-warm100,50,2,14.4000,3062.224,146.515,3208.739,whale,the-first-men-in-the-moon,1,,server-1,132,0,0,,,
cache-off-warm100,50,2,14.4200,3071.253,80.499,3151.752,letter,walden-and-on-the-duty-of-civil-disobedience,1,,server-1,133,0,0,,,
cache-off-warm100,50,2,14.4400,3083.474,192.187,3275.662,you,agnes-grey,1,,server-1,134,0,0,,,
cache-off-warm100,50,2,14.4600,3091.063,116.659,3207.722,sea,the-picture-of-dorian-gray,1,,server-1,135,0,0,,,
cache-off-warm100,50,2,14.4800,3072.718,137.033,3209.751,money,silas-marner,1,,server-1,132,0,0,,,
cache-off-warm100,50,2,14.5000,3094.481,377.162,3471.643,horse,the-divine-comedy,1,,server-1,133,0,0,,,
cache-off-warm100,50,2,14.5200,3086.840,193.888,3280.728,night,the-adventures-of-ferdinand-count-fathom-complete,1,,server-1,134,0,0,,,
cache-off-warm100,50,2,14.5400,3085.442,170.612,3256.054,king,frankenstein-or-the-modern-prometheus-41445,1,,server-1,134,0,0,,,
cache-off-warm100,50,2,14.5600,3127.991,109.212,3237.203,horse,the-adventures-of-tom-sawyer-complete,1,,server-1,134,0,0,,,
cache-off-warm100,50,2,14.5800,3174.480,115.529,3290.009,death,washington-square,1,,server-1,135,0,0,,,
cache-off-warm100,50,2,14.6000,3200.917,91.448,3292.365,death,washington-square,1,,server-1,136,0,0,,,
cache-off-warm100,50,2,14.6200,3183.495,64.511,3248.006,she,the-adventures-of-sherlock-holmes,1,,server-1,135,0,0,,,
cache-off-warm100,50,2,14.6400,3167.733,164.788,3332.521,castle,grimms-fairy-tales,1,,server-1,136,0,0,,,
cache-off-warm100,50,2,14.6600,3156.888,208.297,3365.185,he,tess-of-the-d-urbervilles-a-pure-woman,1,,server-1,137,0,0,,,
cache-off-warm100,50,2,14.6800,3188.523,171.850,3360.373,you,life-on-the-mississippi,1,,server-1,137,0,0,,,
cache-off-warm100,50,2,14.7000,3194.725,181.124,3375.850,the,the-adventures-of-sherlock-holmes,1,,server-1,137,0,0,,,
cache-off-warm100,50,2,14.7200,3172.544,209.924,3382.468,she,the-age-of-innocence,1,,server-1,138,0,0,,,
cache-off-warm100,50,2,14.7400,3153.434,148.485,3301.919,heart,the-scarlet-letter-33,1,,server-1,138,0,0,,,
cache-off-warm100,50,2,14.7600,3138.452,181.660,3320.112,london,the-adventures-of-ferdinand-count-fathom-complete,1,,server-1,135,0,0,,,
cache-off-warm100,50,2,14.7800,3166.861,96.660,3263.521,house,the-secret-garden,1,,server-1,135,0,0,,,
cache-off-warm100,50,2,14.8000,3154.852,202.128,3356.980,he,black-beauty,1,,server-1,136,0,0,,,
cache-off-warm100,50,2,14.8200,3151.683,183.436,3335.119,was,the-first-men-in-the-moon,1,,server-1,137,0,0,,,
cache-off-warm100,50,2,14.8400,3132.716,203.693,3336.409,death,the-lost-world,1,,server-1,137,0,0,,,
cache-off-warm100,50,2,14.8600,3115.208,104.614,3219.822,house,northanger-abbey,1,,server-1,138,0,0,,,
cache-off-warm100,50,2,14.8800,3160.656,74.749,3235.405,he,the-warden,1,,server-1,138,0,0,,,
cache-off-warm100,50,2,14.9000,3140.953,247.907,3388.860,you,the-iliad-2199,1,,server-1,138,0,0,,,
cache-off-warm100,50,2,14.9200,3123.071,128.981,3252.052,heart,the-war-of-the-worlds,1,,server-1,138,0,0,,,
cache-off-warm100,50,2,14.9400,3141.294,181.085,3322.379,letter,the-song-of-the-lark,1,,server-1,139,0,0,,,
cache-off-warm100,50,2,14.9600,3197.449,90.845,3288.294,horse,the-moonstone,1,,server-1,140,0,0,,,
cache-off-warm100,50,2,14.9800,3193.045,92.151,3285.197,of,twenty-thousand-leagues-under-the-sea,1,,server-1,141,0,0,,,
