run,phase,requests,failures,p95_latency_ms
least-connections-ft-off-r1,normal,401,0,18.51104199886322
least-connections-ft-off-r1,fault,400,132,20.021499978611246
least-connections-ft-off-r1,recovery,399,7,21.53262498904951
least-connections-ft-off-r2,normal,401,0,18.60449998639524
least-connections-ft-off-r2,fault,400,133,20.65095800207928
least-connections-ft-off-r2,recovery,399,6,22.78250001836568
least-connections-ft-off-r3,normal,401,0,18.71158301946707
least-connections-ft-off-r3,fault,399,1,18.80241700564511
least-connections-ft-off-r3,recovery,400,0,19.94491700315848
least-connections-ft-on-r1,normal,401,0,18.373124999925494
least-connections-ft-on-r1,fault,400,0,22.26154098752886
least-connections-ft-on-r1,recovery,399,0,18.279457988683134
least-connections-ft-on-r2,normal,401,0,18.684208014747128
least-connections-ft-on-r2,fault,399,0,19.07554201898165
least-connections-ft-on-r2,recovery,400,0,20.417666994035244
least-connections-ft-on-r3,normal,401,0,18.59466699534096
least-connections-ft-on-r3,fault,400,0,21.54770799097605
least-connections-ft-on-r3,recovery,399,0,19.277832994703203
lrt-ft-off-r1,normal,401,0,18.68375000776723
lrt-ft-off-r1,fault,400,0,19.57041598507203
lrt-ft-off-r1,recovery,399,0,18.133375007892027
lrt-ft-off-r2,normal,401,0,17.88295799633488
lrt-ft-off-r2,fault,400,180,18.291042011696845
lrt-ft-off-r2,recovery,399,18,18.086207972373813
lrt-ft-off-r3,normal,401,0,18.42249999754131
lrt-ft-off-r3,fault,400,228,18.905208009527996
lrt-ft-off-r3,recovery,399,17,20.19462501630187
lrt-ft-on-r1,normal,401,0,17.433166009141132
lrt-ft-on-r1,fault,399,0,19.13795797736384
lrt-ft-on-r1,recovery,400,0,18.15454100142233
lrt-ft-on-r2,normal,401,0,17.357083997922018
lrt-ft-on-r2,fault,400,0,19.53495800262317
lrt-ft-on-r2,recovery,399,0,17.797250009607524
lrt-ft-on-r3,normal,401,0,17.138750001322478
lrt-ft-on-r3,fault,400,0,17.81770898378454
lrt-ft-on-r3,recovery,399,0,17.313541000476107
