label	rate	run	attempted	successful	failed	success_pct	achieved_success_rps	avg_rpc_ms	p50_rpc_ms	p99_rpc_ms	server_1_selections	server_2_selections	server_3_selections	server_1_share_pct	server_2_share_pct	server_3_share_pct	avg_server_1_connections	avg_server_2_connections	avg_server_3_connections	max_server_1_connections	max_server_2_connections	max_server_3_connections	avg_server_1_response_ewma_ms	avg_server_2_response_ewma_ms	avg_server_3_response_ewma_ms	errors	source_csv
least-connections-cache-off-warm100	50	1	750	750	0	100.00	50.00	23.056	21.646	45.428	250	250	250	33.33	33.33	33.33	0.593	0.585	0.575	1	1	1	4.753	4.592	4.649		results/Phase2+3/controlled/warmup-0-100-500/phase3/cache-off-warm100/least-connections-50-run-1.csv
least-connections-cache-off-warm100	50	2	750	750	0	100.00	50.00	22.787	21.590	46.403	250	250	250	33.33	33.33	33.33	0.580	0.589	0.579	2	1	1	4.640	4.728	4.570		results/Phase2+3/controlled/warmup-0-100-500/phase3/cache-off-warm100/least-connections-50-run-2.csv
least-connections-cache-off-warm100	50	3	750	750	0	100.00	50.00	23.184	21.955	44.972	250	250	250	33.33	33.33	33.33	0.561	0.605	0.604	1	1	1	4.489	4.809	4.714		results/Phase2+3/controlled/warmup-0-100-500/phase3/cache-off-warm100/least-connections-50-run-3.csv
least-connections-cache-off-warm100	70	1	1050	1050	0	100.00	70.00	20.912	20.227	40.992	351	351	348	33.43	33.43	33.14	0.699	0.716	0.698	2	2	2	3.996	4.052	3.936		results/Phase2+3/controlled/warmup-0-100-500/phase3/cache-off-warm100/least-connections-70-run-1.csv
least-connections-cache-off-warm100	70	2	1050	1050	0	100.00	70.00	19.222	17.839	35.416	350	350	350	33.33	33.33	33.33	0.686	0.652	0.675	1	1	1	3.796	3.763	3.752		results/Phase2+3/controlled/warmup-0-100-500/phase3/cache-off-warm100/least-connections-70-run-2.csv
least-connections-cache-off-warm100	70	3	1050	1050	0	100.00	70.00	20.592	19.627	38.792	349	351	350	33.24	33.43	33.33	0.699	0.689	0.719	1	2	1	3.889	3.912	4.008		results/Phase2+3/controlled/warmup-0-100-500/phase3/cache-off-warm100/least-connections-70-run-3.csv
least-connections-cache-off-warm100	90	1	1350	1350	0	100.00	90.00	19.971	18.688	37.892	449	450	451	33.26	33.33	33.41	0.820	0.821	0.848	2	2	2	3.567	3.530	3.620		results/Phase2+3/controlled/warmup-0-100-500/phase3/cache-off-warm100/least-connections-90-run-1.csv
least-connections-cache-off-warm100	90	2	1350	1350	0	100.00	90.00	19.971	18.913	38.137	449	451	450	33.26	33.41	33.33	0.833	0.827	0.833	2	2	2	3.575	3.604	3.569		results/Phase2+3/controlled/warmup-0-100-500/phase3/cache-off-warm100/least-connections-90-run-2.csv
least-connections-cache-off-warm100	90	3	1350	1350	0	100.00	90.00	20.099	19.117	38.948	452	449	449	33.48	33.26	33.26	0.822	0.833	0.844	2	2	2	3.484	3.597	3.632		results/Phase2+3/controlled/warmup-0-100-500/phase3/cache-off-warm100/least-connections-90-run-3.csv
least-connections-cache-off-warm100	110	1	1650	1650	0	100.00	110.00	19.370	18.093	37.213	555	545	550	33.64	33.03	33.33	0.961	0.968	0.982	2	2	2	3.233	3.291	3.302		results/Phase2+3/controlled/warmup-0-100-500/phase3/cache-off-warm100/least-connections-110-run-1.csv
least-connections-cache-off-warm100	110	2	1650	1650	0	100.00	110.00	19.417	18.459	36.472	553	549	548	33.52	33.27	33.21	0.985	0.961	0.959	2	2	2	3.289	3.313	3.257		results/Phase2+3/controlled/warmup-0-100-500/phase3/cache-off-warm100/least-connections-110-run-2.csv
least-connections-cache-off-warm100	110	3	1650	1650	0	100.00	110.00	19.465	18.254	37.998	549	547	554	33.27	33.15	33.58	0.974	0.972	0.960	2	2	2	3.345	3.326	3.282		results/Phase2+3/controlled/warmup-0-100-500/phase3/cache-off-warm100/least-connections-110-run-3.csv
least-connections-cache-off-warm100	130	1	1950	1950	0	100.00	130.00	19.240	17.709	37.340	646	645	659	33.13	33.08	33.79	1.208	1.173	1.212	2	3	3	3.304	3.271	3.292		results/Phase2+3/controlled/warmup-0-100-500/phase3/cache-off-warm100/least-connections-130-run-1.csv
least-connections-cache-off-warm100	130	2	1950	1950	0	100.00	130.00	19.245	18.013	36.750	650	650	650	33.33	33.33	33.33	1.200	1.166	1.216	3	2	2	3.319	3.235	3.362		results/Phase2+3/controlled/warmup-0-100-500/phase3/cache-off-warm100/least-connections-130-run-2.csv
least-connections-cache-off-warm100	130	3	1950	1950	0	100.00	130.00	19.201	18.032	37.084	652	643	655	33.44	32.97	33.59	1.178	1.183	1.209	3	2	2	3.248	3.316	3.287		results/Phase2+3/controlled/warmup-0-100-500/phase3/cache-off-warm100/least-connections-130-run-3.csv
least-response-time-cache-off-warm100	50	1	750	750	0	100.00	50.00	53.595	44.538	181.024	403	0	347	53.73	0.00	46.27	2.672	0.000	2.152	13	0	14	19.336	73.687	22.627		results/Phase2+3/controlled/warmup-0-100-500/phase3/cache-off-warm100/lrt-50-run-1.csv
least-response-time-cache-off-warm100	50	2	750	750	0	100.00	50.00	23.602	20.538	77.087	0	443	307	0.00	59.07	40.93	0.000	1.355	0.865	0	7	5	50.075	6.829	8.394		results/Phase2+3/controlled/warmup-0-100-500/phase3/cache-off-warm100/lrt-50-run-2.csv
least-response-time-cache-off-warm100	50	3	750	750	0	100.00	50.00	54.729	47.602	162.786	405	345	0	54.00	46.00	0.00	2.612	2.296	0.000	11	11	0	18.114	20.201	57.243		results/Phase2+3/controlled/warmup-0-100-500/phase3/cache-off-warm100/lrt-50-run-3.csv
least-response-time-cache-off-warm100	70	1	1050	1050	0	100.00	70.00	68.009	55.620	199.869	0	536	514	0.00	51.05	48.95	0.000	4.527	4.242	0	16	15	77.708	22.614	22.871		results/Phase2+3/controlled/warmup-0-100-500/phase3/cache-off-warm100/lrt-70-run-1.csv
least-response-time-cache-off-warm100	70	2	1050	1050	0	100.00	70.00	74.645	63.145	230.282	265	528	257	25.24	50.29	24.48	2.186	4.871	2.492	16	18	18	40.679	25.914	41.190		results/Phase2+3/controlled/warmup-0-100-500/phase3/cache-off-warm100/lrt-70-run-2.csv
least-response-time-cache-off-warm100	70	3	1050	1050	0	100.00	70.00	74.086	62.262	259.127	303	244	503	28.86	23.24	47.90	2.610	2.441	4.628	14	21	20	40.765	45.657	27.135		results/Phase2+3/controlled/warmup-0-100-500/phase3/cache-off-warm100/lrt-70-run-3.csv
least-response-time-cache-off-warm100	90	1	1350	1350	0	100.00	90.00	79.368	74.189	222.985	59	681	610	4.37	50.44	45.19	0.558	7.266	6.262	15	24	19	54.881	28.536	30.297		results/Phase2+3/controlled/warmup-0-100-500/phase3/cache-off-warm100/lrt-90-run-1.csv
least-response-time-cache-off-warm100	90	2	1350	1350	0	100.00	90.00	85.191	79.157	219.403	641	673	36	47.48	49.85	2.67	7.596	7.985	0.361	25	24	16	32.583	31.633	62.249		results/Phase2+3/controlled/warmup-0-100-500/phase3/cache-off-warm100/lrt-90-run-2.csv
least-response-time-cache-off-warm100	90	3	1350	1350	0	100.00	90.00	83.944	75.790	221.717	507	186	657	37.56	13.78	48.67	5.473	2.281	7.164	25	21	22	38.345	55.545	29.702		results/Phase2+3/controlled/warmup-0-100-500/phase3/cache-off-warm100/lrt-90-run-3.csv
least-response-time-cache-off-warm100	110	1	1650	1650	0	100.00	110.00	89.567	84.363	220.834	409	580	661	24.79	35.15	40.06	5.901	8.355	8.661	30	34	26	54.892	39.377	39.247		results/Phase2+3/controlled/warmup-0-100-500/phase3/cache-off-warm100/lrt-110-run-1.csv
least-response-time-cache-off-warm100	110	2	1650	1650	0	100.00	110.00	89.166	84.817	212.578	343	646	661	20.79	39.15	40.06	3.767	9.076	9.115	20	25	27	48.172	38.993	37.921		results/Phase2+3/controlled/warmup-0-100-500/phase3/cache-off-warm100/lrt-110-run-2.csv
least-response-time-cache-off-warm100	110	3	1650	1650	0	100.00	110.00	87.909	84.618	209.208	590	707	353	35.76	42.85	21.39	7.405	9.152	4.122	22	22	22	37.767	34.033	41.780		results/Phase2+3/controlled/warmup-0-100-500/phase3/cache-off-warm100/lrt-110-run-3.csv
least-response-time-cache-off-warm100	130	1	1950	1950	0	100.00	130.00	83.808	79.038	198.014	697	640	613	35.74	32.82	31.44	9.692	8.669	7.423	38	29	24	39.012	38.228	37.853		results/Phase2+3/controlled/warmup-0-100-500/phase3/cache-off-warm100/lrt-130-run-1.csv
least-response-time-cache-off-warm100	130	2	1950	1950	0	100.00	130.00	87.867	84.513	211.924	656	607	687	33.64	31.13	35.23	8.966	8.122	9.633	30	30	29	38.245	38.536	38.464		results/Phase2+3/controlled/warmup-0-100-500/phase3/cache-off-warm100/lrt-130-run-2.csv
least-response-time-cache-off-warm100	130	3	1950	1950	0	100.00	130.00	87.577	84.153	210.229	653	618	679	33.49	31.69	34.82	8.509	7.880	9.036	29	29	34	36.762	37.822	35.696		results/Phase2+3/controlled/warmup-0-100-500/phase3/cache-off-warm100/lrt-130-run-3.csv
combined-lc-lrt-cache-off-warm100	50	1	750	750	0	100.00	50.00	23.431	22.102	51.346	252	319	179	33.60	42.53	23.87	0.671	0.844	0.479	4	3	3	8.116	6.261	8.075		results/Phase2+3/controlled/warmup-0-100-500/phase3/cache-off-warm100/combined-50-run-1.csv
combined-lc-lrt-cache-off-warm100	50	2	750	750	0	100.00	50.00	23.669	22.225	50.020	300	295	155	40.00	39.33	20.67	0.813	0.789	0.423	3	3	4	6.602	6.984	14.081		results/Phase2+3/controlled/warmup-0-100-500/phase3/cache-off-warm100/combined-50-run-2.csv
combined-lc-lrt-cache-off-warm100	50	3	750	750	0	100.00	50.00	22.941	22.011	47.080	14	362	374	1.87	48.27	49.87	0.045	0.936	0.977	3	3	3	15.750	5.388	5.137		results/Phase2+3/controlled/warmup-0-100-500/phase3/cache-off-warm100/combined-50-run-3.csv
combined-lc-lrt-cache-off-warm100	70	1	1050	1050	0	100.00	70.00	23.697	21.383	70.599	362	199	489	34.48	18.95	46.57	0.950	0.538	1.310	4	4	5	9.467	15.030	5.544		results/Phase2+3/controlled/warmup-0-100-500/phase3/cache-off-warm100/combined-70-run-1.csv
combined-lc-lrt-cache-off-warm100	70	2	1050	1050	0	100.00	70.00	22.142	20.647	52.389	413	262	375	39.33	24.95	35.71	0.993	0.670	0.951	3	3	4	6.112	8.266	7.361		results/Phase2+3/controlled/warmup-0-100-500/phase3/cache-off-warm100/combined-70-run-2.csv
combined-lc-lrt-cache-off-warm100	70	3	1050	1050	0	100.00	70.00	23.110	20.795	61.801	456	165	429	43.43	15.71	40.86	1.201	0.444	1.113	4	4	4	5.977	14.195	7.417		results/Phase2+3/controlled/warmup-0-100-500/phase3/cache-off-warm100/combined-70-run-3.csv
combined-lc-lrt-cache-off-warm100	90	1	1350	1350	0	100.00	90.00	23.871	20.912	69.925	427	486	437	31.63	36.00	32.37	1.130	1.328	1.165	5	5	6	9.871	7.167	8.685		results/Phase2+3/controlled/warmup-0-100-500/phase3/cache-off-warm100/combined-90-run-1.csv
combined-lc-lrt-cache-off-warm100	90	2	1350	1350	0	100.00	90.00	23.139	20.776	55.649	474	463	413	35.11	34.30	30.59	1.236	1.198	1.070	5	6	4	6.439	6.585	7.576		results/Phase2+3/controlled/warmup-0-100-500/phase3/cache-off-warm100/combined-90-run-2.csv
combined-lc-lrt-cache-off-warm100	90	3	1350	1350	0	100.00	90.00	23.216	21.319	59.810	459	474	417	34.00	35.11	30.89	1.168	1.233	1.053	5	5	5	6.809	6.116	7.489		results/Phase2+3/controlled/warmup-0-100-500/phase3/cache-off-warm100/combined-90-run-3.csv
combined-lc-lrt-cache-off-warm100	110	1	1650	1650	0	100.00	110.00	23.908	21.422	60.359	530	573	547	32.12	34.73	33.15	1.384	1.512	1.450	5	6	5	6.773	6.326	6.588		results/Phase2+3/controlled/warmup-0-100-500/phase3/cache-off-warm100/combined-110-run-1.csv
combined-lc-lrt-cache-off-warm100	110	2	1650	1650	0	100.00	110.00	25.468	22.125	76.833	544	556	550	32.97	33.70	33.33	1.559	1.496	1.539	6	5	6	6.951	7.284	6.928		results/Phase2+3/controlled/warmup-0-100-500/phase3/cache-off-warm100/combined-110-run-2.csv
combined-lc-lrt-cache-off-warm100	110	3	1650	1650	0	100.00	110.00	25.551	22.020	77.024	577	549	524	34.97	33.27	31.76	1.601	1.505	1.505	7	6	6	6.601	7.368	7.273		results/Phase2+3/controlled/warmup-0-100-500/phase3/cache-off-warm100/combined-110-run-3.csv
combined-lc-lrt-cache-off-warm100	130	1	1950	1950	0	100.00	130.00	32.707	27.756	97.022	643	637	670	32.97	32.67	34.36	2.293	2.244	2.452	8	8	10	9.314	9.378	9.152		results/Phase2+3/controlled/warmup-0-100-500/phase3/cache-off-warm100/combined-130-run-1.csv
combined-lc-lrt-cache-off-warm100	130	2	1950	1950	0	100.00	130.00	29.225	24.993	78.938	652	644	654	33.44	33.03	33.54	2.138	2.044	2.146	9	7	7	8.073	7.890	7.623		results/Phase2+3/controlled/warmup-0-100-500/phase3/cache-off-warm100/combined-130-run-2.csv
combined-lc-lrt-cache-off-warm100	130	3	1950	1950	0	100.00	130.00	28.271	24.654	74.805	658	645	647	33.74	33.08	33.18	2.006	2.033	2.044	7	8	7	7.350	7.875	7.415		results/Phase2+3/controlled/warmup-0-100-500/phase3/cache-off-warm100/combined-130-run-3.csv
