label	rate	runs	attempted	successful	failed	success_pct	achieved_success_rps	avg_rpc_ms	avg_rpc_stddev_ms	p50_rpc_ms	p99_rpc_ms	server_1_selections	server_2_selections	server_3_selections	server_1_share_pct	server_2_share_pct	server_3_share_pct	avg_server_1_connections	avg_server_2_connections	avg_server_3_connections	max_server_1_connections	max_server_2_connections	max_server_3_connections	avg_server_1_response_ewma_ms	avg_server_2_response_ewma_ms	avg_server_3_response_ewma_ms	errors
least-connections-cache-off-warm0	50	3	2250	2250	0	100.00	50.00	21.797	1.210	20.459	44.190	750	750	750	33.33	33.33	33.33	0.564	0.552	0.550	2	1	1	4.492	4.440	4.493	
least-connections-cache-off-warm0	70	3	3150	3150	0	100.00	70.00	21.108	0.085	20.050	41.028	1046	1055	1049	33.21	33.49	33.30	0.711	0.715	0.721	3	2	2	3.999	3.958	4.027	
least-connections-cache-off-warm0	90	3	4050	4050	0	100.00	90.00	20.238	0.089	18.998	38.878	1356	1349	1345	33.48	33.31	33.21	0.845	0.845	0.836	3	2	2	3.585	3.616	3.593	
least-connections-cache-off-warm0	110	3	4950	4950	0	100.00	110.00	19.578	0.134	18.117	41.374	1643	1653	1654	33.19	33.39	33.41	0.997	0.974	0.977	4	4	4	3.400	3.292	3.308	
least-connections-cache-off-warm0	130	3	5850	5850	0	100.00	130.00	19.529	0.234	18.208	39.551	1955	1932	1963	33.42	33.03	33.56	1.239	1.206	1.216	3	4	3	3.379	3.356	3.329	
least-response-time-cache-off-warm0	50	3	2250	2250	0	100.00	50.00	45.202	2.589	38.107	148.566	775	786	689	34.44	34.93	30.62	1.352	1.516	1.217	10	12	9	21.762	19.302	22.142	
least-response-time-cache-off-warm0	70	3	3150	3150	0	100.00	70.00	65.787	3.214	56.822	198.026	969	1445	736	30.76	45.87	23.37	2.729	3.835	1.925	18	17	17	35.748	23.885	35.794	
least-response-time-cache-off-warm0	90	3	4050	4050	0	100.00	90.00	79.209	2.521	71.831	218.064	938	1860	1252	23.16	45.93	30.91	2.979	6.740	4.234	21	26	23	44.761	30.146	36.490	
least-response-time-cache-off-warm0	110	3	4950	4950	0	100.00	110.00	85.647	1.070	81.423	219.485	1611	1649	1690	32.55	33.31	34.14	6.284	6.732	7.154	27	24	30	36.458	36.311	37.123	
least-response-time-cache-off-warm0	130	3	5850	5850	0	100.00	130.00	88.392	0.485	85.486	204.995	1929	2138	1783	32.97	36.55	30.48	8.536	9.453	7.985	28	27	29	36.939	35.707	38.353	
combined-lc-lrt-cache-off-warm0	50	3	2250	2250	0	100.00	50.00	22.284	1.626	20.700	49.473	645	637	968	28.67	28.31	43.02	0.550	0.524	0.812	3	3	3	7.844	8.602	5.553	
combined-lc-lrt-cache-off-warm0	70	3	3150	3150	0	100.00	70.00	20.809	1.031	19.239	44.909	1126	1101	923	35.75	34.95	29.30	0.874	0.855	0.713	3	3	4	5.689	5.845	7.016	
combined-lc-lrt-cache-off-warm0	90	3	4050	4050	0	100.00	90.00	23.122	1.023	20.792	61.046	1491	1497	1062	36.81	36.96	26.22	1.280	1.287	0.904	6	8	6	6.509	6.501	10.294	
combined-lc-lrt-cache-off-warm0	110	3	4950	4950	0	100.00	110.00	25.034	0.744	21.792	69.427	1678	1568	1704	33.90	31.68	34.42	1.548	1.443	1.581	8	7	8	7.027	7.863	6.795	
combined-lc-lrt-cache-off-warm0	130	3	5850	5850	0	100.00	130.00	30.701	0.991	26.029	91.950	1977	1895	1978	33.79	32.39	33.81	2.214	2.160	2.203	9	8	9	8.086	9.091	8.249	
least-connections-cache-off-warm100	50	3	2250	2250	0	100.00	50.00	23.009	0.165	21.730	45.601	750	750	750	33.33	33.33	33.33	0.578	0.593	0.586	2	1	1	4.627	4.709	4.644	
least-connections-cache-off-warm100	70	3	3150	3150	0	100.00	70.00	20.242	0.733	19.231	38.400	1050	1052	1048	33.33	33.40	33.27	0.695	0.686	0.697	2	2	2	3.894	3.909	3.899	
least-connections-cache-off-warm100	90	3	4050	4050	0	100.00	90.00	20.014	0.060	18.906	38.326	1350	1350	1350	33.33	33.33	33.33	0.825	0.827	0.842	2	2	2	3.542	3.577	3.607	
least-connections-cache-off-warm100	110	3	4950	4950	0	100.00	110.00	19.417	0.039	18.269	37.228	1657	1641	1652	33.47	33.15	33.37	0.974	0.967	0.967	2	2	2	3.289	3.310	3.281	
least-connections-cache-off-warm100	130	3	5850	5850	0	100.00	130.00	19.229	0.020	17.918	37.058	1948	1938	1964	33.30	33.13	33.57	1.195	1.174	1.212	3	3	3	3.290	3.274	3.313	
least-response-time-cache-off-warm100	50	3	2250	2250	0	100.00	50.00	43.975	14.414	37.559	140.299	808	788	654	35.91	35.02	29.07	1.761	1.217	1.006	13	11	14	29.175	33.572	29.421	
least-response-time-cache-off-warm100	70	3	3150	3150	0	100.00	70.00	72.247	3.005	60.342	229.759	568	1308	1274	18.03	41.52	40.44	1.599	3.946	3.787	16	21	20	53.051	31.395	30.399	
least-response-time-cache-off-warm100	90	3	4050	4050	0	100.00	90.00	82.834	2.503	76.378	221.368	1207	1540	1303	29.80	38.02	32.17	4.542	5.844	4.596	25	24	22	41.936	38.571	40.749	
least-response-time-cache-off-warm100	110	3	4950	4950	0	100.00	110.00	88.881	0.706	84.599	214.207	1342	1933	1675	27.11	39.05	33.84	5.691	8.861	7.299	30	34	27	46.943	37.467	39.649	
least-response-time-cache-off-warm100	130	3	5850	5850	0	100.00	130.00	86.418	1.849	82.568	206.722	2006	1865	1979	34.29	31.88	33.83	9.056	8.224	8.697	38	30	34	38.006	38.195	37.338	
combined-lc-lrt-cache-off-warm100	50	3	2250	2250	0	100.00	50.00	23.347	0.303	22.113	49.482	566	976	708	25.16	43.38	31.47	0.510	0.856	0.626	4	3	4	10.156	6.211	9.098	
combined-lc-lrt-cache-off-warm100	70	3	3150	3150	0	100.00	70.00	22.983	0.641	20.942	61.596	1231	626	1293	39.08	19.87	41.05	1.048	0.551	1.125	4	4	5	7.185	12.497	6.774	
combined-lc-lrt-cache-off-warm100	90	3	4050	4050	0	100.00	90.00	23.409	0.329	21.002	61.795	1360	1423	1267	33.58	35.14	31.28	1.178	1.253	1.096	5	6	6	7.707	6.623	7.916	
combined-lc-lrt-cache-off-warm100	110	3	4950	4950	0	100.00	110.00	24.976	0.755	21.856	71.405	1651	1678	1621	33.35	33.90	32.75	1.515	1.504	1.498	7	6	6	6.775	6.993	6.930	
combined-lc-lrt-cache-off-warm100	130	3	5850	5850	0	100.00	130.00	30.068	1.907	25.801	83.588	1953	1926	1971	33.38	32.92	33.69	2.146	2.107	2.214	9	8	10	8.246	8.381	8.063	
least-connections-cache-off-warm500	50	3	2250	2250	0	100.00	50.00	22.814	0.148	21.684	46.817	751	749	750	33.38	33.29	33.33	0.583	0.589	0.579	1	1	1	4.576	4.707	4.585	
least-connections-cache-off-warm500	70	3	3150	3150	0	100.00	70.00	20.988	0.133	19.979	40.933	1051	1050	1049	33.37	33.33	33.30	0.715	0.710	0.707	2	2	2	3.998	3.959	3.956	
least-connections-cache-off-warm500	90	3	4050	4050	0	100.00	90.00	19.801	0.324	18.752	37.865	1352	1340	1358	33.38	33.09	33.53	0.836	0.821	0.834	2	2	2	3.545	3.555	3.537	
least-connections-cache-off-warm500	110	3	4950	4950	0	100.00	110.00	19.436	0.218	18.292	36.524	1646	1659	1645	33.25	33.52	33.23	0.957	0.975	0.963	2	2	2	3.287	3.297	3.307	
least-connections-cache-off-warm500	130	3	5850	5850	0	100.00	130.00	19.243	0.181	17.975	37.831	1949	1947	1954	33.32	33.28	33.40	1.192	1.187	1.195	3	3	3	3.286	3.294	3.282	
least-response-time-cache-off-warm500	50	3	2250	2250	0	100.00	50.00	47.864	0.741	39.376	155.384	1143	399	708	50.80	17.73	31.47	2.184	0.840	1.361	10	13	11	18.240	52.745	41.723	
least-response-time-cache-off-warm500	70	3	3150	3150	0	100.00	70.00	65.946	2.697	56.685	190.205	503	1628	1019	15.97	51.68	32.35	1.468	4.336	2.700	17	19	16	48.388	22.135	34.835	
least-response-time-cache-off-warm500	90	3	4050	4050	0	100.00	90.00	79.274	3.518	73.752	214.838	1318	1371	1361	32.54	33.85	33.60	4.522	4.990	4.645	22	24	33	43.179	40.118	43.853	
least-response-time-cache-off-warm500	110	3	4950	4950	0	100.00	110.00	87.630	0.953	83.958	212.682	1879	1561	1510	37.96	31.54	30.51	8.126	6.633	6.124	27	29	25	36.485	38.486	38.751	
least-response-time-cache-off-warm500	130	3	5850	5850	0	100.00	130.00	87.912	1.422	84.028	209.833	1993	2016	1841	34.07	34.46	31.47	8.722	9.330	7.864	36	38	28	36.469	38.020	38.000	
combined-lc-lrt-cache-off-warm500	50	3	2250	2250	0	100.00	50.00	23.252	0.093	21.577	50.108	581	726	943	25.82	32.27	41.91	0.504	0.643	0.832	3	3	4	12.240	8.235	7.167	
combined-lc-lrt-cache-off-warm500	70	3	3150	3150	0	100.00	70.00	22.571	0.495	20.980	56.763	696	1398	1056	22.10	44.38	33.52	0.574	1.177	0.911	4	5	5	12.179	5.454	8.796	
combined-lc-lrt-cache-off-warm500	90	3	4050	4050	0	100.00	90.00	23.469	0.465	21.041	62.628	1235	1375	1440	30.49	33.95	35.56	1.078	1.205	1.249	6	5	5	7.761	7.331	6.842	
combined-lc-lrt-cache-off-warm500	110	3	4950	4950	0	100.00	110.00	25.624	0.461	22.036	74.969	1667	1667	1616	33.68	33.68	32.65	1.547	1.576	1.513	7	9	7	7.254	7.605	7.299	
combined-lc-lrt-cache-off-warm500	130	3	5850	5850	0	100.00	130.00	30.955	1.643	26.553	88.967	1928	1966	1956	32.96	33.61	33.44	2.230	2.209	2.224	11	9	9	8.608	8.523	8.660	
least-connections-cache-on-warm0	50	3	2250	2250	0	100.00	50.00	21.355	0.143	21.304	53.951	750	750	750	33.33	33.33	33.33	0.600	0.577	0.580	2	1	1	4.303	4.049	4.193	
least-connections-cache-on-warm0	70	3	3150	3150	0	100.00	70.00	18.440	0.256	18.653	48.987	1053	1051	1046	33.43	33.37	33.21	0.687	0.676	0.674	3	2	2	3.382	3.324	3.338	
least-connections-cache-on-warm0	90	3	4050	4050	0	100.00	90.00	16.610	0.223	17.094	46.237	1349	1353	1348	33.31	33.41	33.28	0.771	0.763	0.753	3	3	2	2.918	2.880	2.859	
least-connections-cache-on-warm0	110	3	4950	4950	0	100.00	110.00	15.357	0.153	15.506	46.891	1646	1653	1651	33.25	33.39	33.35	0.852	0.852	0.852	4	4	4	2.613	2.592	2.576	
least-connections-cache-on-warm0	130	3	5850	5850	0	100.00	130.00	14.317	0.123	14.205	46.932	1969	1917	1964	33.66	32.77	33.57	0.963	0.958	0.955	5	5	4	2.404	2.513	2.366	
least-response-time-cache-on-warm0	50	3	2250	2250	0	100.00	50.00	39.952	1.399	33.600	144.475	658	822	770	29.24	36.53	34.22	1.159	1.188	1.316	11	11	12	30.065	25.244	22.905	
least-response-time-cache-on-warm0	70	3	3150	3150	0	100.00	70.00	56.406	3.719	44.002	218.689	1179	1382	589	37.43	43.87	18.70	2.869	2.758	1.384	22	15	17	28.539	22.343	60.493	
least-response-time-cache-on-warm0	90	3	4050	4050	0	100.00	90.00	59.441	3.008	48.326	212.770	764	2015	1271	18.86	49.75	31.38	2.033	5.171	2.880	20	21	19	52.038	21.469	37.006	
least-response-time-cache-on-warm0	110	3	4950	4950	0	100.00	110.00	62.880	3.375	50.587	232.368	2341	1890	719	47.29	38.18	14.53	6.944	5.404	2.048	30	33	27	23.850	35.674	69.989	
least-response-time-cache-on-warm0	130	3	5850	5850	0	100.00	130.00	60.831	1.443	50.783	215.691	1378	1739	2733	23.56	29.73	46.72	4.517	5.210	7.425	29	35	31	41.114	37.325	24.127	
combined-lc-lrt-cache-on-warm0	50	3	2250	2250	0	100.00	50.00	22.077	0.520	21.192	58.774	857	662	731	38.09	29.42	32.49	0.768	0.604	0.667	4	4	4	7.814	10.188	9.784	
combined-lc-lrt-cache-on-warm0	70	3	3150	3150	0	100.00	70.00	21.664	0.792	20.337	68.706	639	1227	1284	20.29	38.95	40.76	0.556	1.068	1.136	6	6	7	15.783	8.510	7.133	
combined-lc-lrt-cache-on-warm0	90	3	4050	4050	0	100.00	90.00	21.491	1.244	19.694	75.688	1493	1021	1536	36.86	25.21	37.93	1.312	0.911	1.296	7	6	7	8.094	15.221	7.749	
combined-lc-lrt-cache-on-warm0	110	3	4950	4950	0	100.00	110.00	21.957	0.574	19.098	83.494	1485	1594	1871	30.00	32.20	37.80	1.340	1.436	1.571	8	10	8	10.494	9.427	8.153	
combined-lc-lrt-cache-on-warm0	130	3	5850	5850	0	100.00	130.00	24.140	0.809	19.898	95.418	1932	2065	1853	33.03	35.30	31.68	1.912	1.934	1.771	10	11	11	9.907	9.573	11.807	
least-connections-cache-on-warm100	50	3	2250	2250	0	100.00	50.00	20.524	0.262	20.517	52.112	751	750	749	33.38	33.33	33.29	0.573	0.561	0.580	1	1	2	4.014	3.854	4.161	
least-connections-cache-on-warm100	70	3	3150	3150	0	100.00	70.00	17.573	0.163	17.836	48.716	1054	1048	1048	33.46	33.27	33.27	0.643	0.664	0.662	2	2	2	3.102	3.283	3.226	
least-connections-cache-on-warm100	90	3	4050	4050	0	100.00	90.00	15.844	0.343	16.148	47.258	1345	1340	1365	33.21	33.09	33.70	0.742	0.750	0.724	2	2	2	2.774	2.827	2.658	
least-connections-cache-on-warm100	110	3	4950	4950	0	100.00	110.00	14.844	0.082	15.184	44.493	1624	1660	1666	32.81	33.54	33.66	0.828	0.825	0.828	2	2	2	2.567	2.497	2.492	
least-connections-cache-on-warm100	130	3	5850	5850	0	100.00	130.00	13.504	0.193	13.520	42.697	1936	1954	1960	33.09	33.40	33.50	0.904	0.917	0.908	3	2	3	2.283	2.340	2.274	
least-response-time-cache-on-warm100	50	3	2250	2250	0	100.00	50.00	40.928	3.143	31.895	186.648	516	1022	712	22.93	45.42	31.64	0.975	1.615	1.185	13	13	15	62.432	19.331	32.663	
least-response-time-cache-on-warm100	70	3	3150	3150	0	100.00	70.00	52.571	2.575	40.740	206.634	1628	625	897	51.68	19.84	28.48	3.337	1.581	1.750	20	18	20	19.196	41.570	41.692	
least-response-time-cache-on-warm100	90	3	4050	4050	0	100.00	90.00	59.441	1.800	47.027	216.228	1221	1529	1300	30.15	37.75	32.10	2.994	4.032	3.531	22	23	26	37.063	39.155	38.819	
least-response-time-cache-on-warm100	110	3	4950	4950	0	100.00	110.00	56.837	1.482	44.472	213.429	2565	823	1562	51.82	16.63	31.56	6.717	2.130	3.973	27	27	25	22.054	53.375	36.172	
least-response-time-cache-on-warm100	130	3	5850	5850	0	100.00	130.00	58.493	1.503	46.088	216.814	1730	1908	2212	29.57	32.62	37.81	5.156	5.569	6.889	37	31	38	36.912	38.759	33.476	
combined-lc-lrt-cache-on-warm100	50	3	2250	2250	0	100.00	50.00	21.545	0.059	20.841	63.866	682	555	1013	30.31	24.67	45.02	0.612	0.503	0.916	4	4	4	15.029	16.972	6.904	
combined-lc-lrt-cache-on-warm100	70	3	3150	3150	0	100.00	70.00	21.311	0.431	20.131	70.225	715	1323	1112	22.70	42.00	35.30	0.637	1.180	0.968	5	7	6	24.026	8.039	10.132	
combined-lc-lrt-cache-on-warm100	90	3	4050	4050	0	100.00	90.00	21.597	0.289	19.554	76.160	1168	1360	1522	28.84	33.58	37.58	1.047	1.178	1.312	8	7	6	13.329	11.090	9.202	
combined-lc-lrt-cache-on-warm100	110	3	4950	4950	0	100.00	110.00	21.751	0.057	18.945	82.853	1651	1458	1841	33.35	29.45	37.19	1.405	1.359	1.586	8	8	8	9.570	11.206	8.113	
combined-lc-lrt-cache-on-warm100	130	3	5850	5850	0	100.00	130.00	21.988	0.485	18.352	85.470	2046	1942	1862	34.97	33.20	31.83	1.848	1.726	1.676	10	9	12	9.234	8.969	10.600	
least-connections-cache-on-warm500	50	3	2250	2250	0	100.00	50.00	16.570	2.209	16.672	49.611	747	749	754	33.20	33.29	33.51	0.522	0.510	0.518	2	1	1	3.339	3.176	3.240	
least-connections-cache-on-warm500	70	3	3150	3150	0	100.00	70.00	15.742	0.176	15.230	51.259	1048	1054	1048	33.27	33.46	33.27	0.631	0.621	0.645	2	2	2	2.849	2.720	2.877	
least-connections-cache-on-warm500	90	3	4050	4050	0	100.00	90.00	14.273	0.246	13.197	51.122	1359	1366	1325	33.56	33.73	32.72	0.692	0.702	0.720	2	2	2	2.363	2.430	2.590	
least-connections-cache-on-warm500	110	3	4950	4950	0	100.00	110.00	12.945	0.093	11.301	47.710	1671	1637	1642	33.76	33.07	33.17	0.763	0.773	0.766	2	2	2	2.130	2.280	2.214	
least-connections-cache-on-warm500	130	3	5850	5850	0	100.00	130.00	12.047	0.091	3.564	46.674	1956	1929	1965	33.44	32.97	33.59	0.852	0.845	0.858	3	3	3	2.036	2.040	2.025	
least-response-time-cache-on-warm500	50	3	2250	2250	0	100.00	50.00	22.855	6.213	21.480	87.121	750	750	750	33.33	33.33	33.33	0.926	0.513	0.910	8	6	8	49.702	50.491	34.416	
least-response-time-cache-on-warm500	70	3	3150	3150	0	100.00	70.00	27.891	3.251	21.745	128.239	790	900	1460	25.08	28.57	46.35	1.069	0.821	1.982	13	11	16	33.136	47.877	20.085	
least-response-time-cache-on-warm500	90	3	4050	4050	0	100.00	90.00	43.223	3.918	30.292	198.490	760	2115	1175	18.77	52.22	29.01	1.517	3.717	2.680	18	22	27	53.310	20.975	43.763	
least-response-time-cache-on-warm500	110	3	4950	4950	0	100.00	110.00	36.981	3.317	27.653	158.778	835	2366	1749	16.87	47.80	35.33	1.724	3.772	3.005	32	20	26	52.759	16.120	39.861	
least-response-time-cache-on-warm500	130	3	5850	5850	0	100.00	130.00	42.574	3.154	31.357	170.286	1121	1891	2838	19.16	32.32	48.51	2.320	4.043	5.936	26	28	33	43.322	33.693	18.443	
combined-lc-lrt-cache-on-warm500	50	3	2250	2250	0	100.00	50.00	19.594	0.162	18.124	68.691	990	300	960	44.00	13.33	42.67	0.871	0.268	0.870	5	5	5	9.081	16.831	7.926	
combined-lc-lrt-cache-on-warm500	70	3	3150	3150	0	100.00	70.00	19.704	0.629	17.189	80.558	1193	948	1009	37.87	30.10	32.03	1.034	0.819	0.865	6	6	5	10.618	13.648	13.299	
combined-lc-lrt-cache-on-warm500	90	3	4050	4050	0	100.00	90.00	18.561	0.395	15.753	74.763	1485	1251	1314	36.67	30.89	32.44	1.168	1.051	1.036	6	8	8	8.124	10.509	10.019	
combined-lc-lrt-cache-on-warm500	110	3	4950	4950	0	100.00	110.00	19.254	0.881	15.091	83.124	1362	1812	1776	27.52	36.61	35.88	1.134	1.447	1.472	9	8	9	13.321	8.822	8.558	
combined-lc-lrt-cache-on-warm500	130	3	5850	5850	0	100.00	130.00	18.554	0.398	13.646	82.633	1798	2160	1892	30.74	36.92	32.34	1.420	1.740	1.517	10	9	9	12.372	7.921	9.802	
